root_dir is /workspace/CSI-Bench-Real-WiFi-Sensing-Benchmark
Loaded configuration from /workspace/CSI-Bench-Real-WiFi-Sensing-Benchmark/configs/local_default_config.json
Using CUDA device: NVIDIA A100-SXM4-80GB
CUDA version: 11.8
Total GPU memory: 85.10 GB
PyTorch version: 2.1.0
Loaded configuration from configs/local_default_config.json

============================================================
Starting training for model: resnet18
============================================================

Running supervised learning: /opt/conda/bin/python /workspace/CSI-Bench-Real-WiFi-Sensing-Benchmark/scripts/train_supervised.py --data_dir="./csi-bench-dataset" --task_name=HumanActivityRecognition --model=resnet18 --batch_size=128 --epochs=100 --win_len=500 --feature_size=232 --save_dir="./results" --output_dir="./results" --num_workers=0 --use_root_data_path --no_pin_memory --test_splits="all" --learning_rate=0.0001 --weight_decay=1e-05 --warmup_epochs=5 --patience=15
Disabling PyTorch because PyTorch >= 2.4 is required but found 2.1.0
PyTorch was not found. Models won't be available and only tokenizers, configuration and file/data utilities can be used.
Running in local environment
Experiment ID: params_c7f7c9bcf7
Results will be saved to: ./results/HumanActivityRecognition/resnet18/params_c7f7c9bcf7
Model checkpoints will be saved to: ./results/HumanActivityRecognition/resnet18/params_c7f7c9bcf7
Using device: cuda
********************splits_dir is ./csi-bench-dataset/tasks/HumanActivityRecognition/splits
Available test splits: ['test_cross_device', 'test_cross_env', 'test_cross_user', 'test_id']
Using test splits: ['test_cross_device', 'test_cross_env', 'test_cross_user', 'test_id']
Loading data from ./csi-bench-dataset for task HumanActivityRecognition...
________________________DATA DEBUG________./csi-bench-dataset/tasks/HumanActivityRecognition
Root directory does not contain required subfolders, will try standard paths.
Checking path: ./csi-bench-dataset/tasks/HumanActivityRecognition
  Has metadata: True, Has splits: True
Using task directory: ./csi-bench-dataset/tasks/HumanActivityRecognition

==== Task Directory Contents (./csi-bench-dataset/tasks/HumanActivityRecognition) ====
  Directory: metadata/ (3 items)
    - device_mapping.json
    - label_mapping.json
    - sample_metadata.csv
  Directory: splits/ (6 items)
    - test_cross_device.json
    - test_cross_env.json
    - test_cross_user.json
    - test_id.json
    - train_id.json
    - val_id.json
  Directory: sub_Human/ (6 items)
================================================

Using metadata path: ./csi-bench-dataset/tasks/HumanActivityRecognition/metadata/sample_metadata.csv
Using provided task directory: ./csi-bench-dataset/tasks/HumanActivityRecognition
Using provided task directory: ./csi-bench-dataset/tasks/HumanActivityRecognition
Loaded 15843 samples for HumanActivityRecognition - train_id
Loaded 15843 samples for HumanActivityRecognition - train_id
Using provided task directory: ./csi-bench-dataset/tasks/HumanActivityRecognition
Using provided task directory: ./csi-bench-dataset/tasks/HumanActivityRecognition
Loaded 3393 samples for HumanActivityRecognition - val_id
Loaded 3393 samples for HumanActivityRecognition - val_id
Using provided task directory: ./csi-bench-dataset/tasks/HumanActivityRecognition
Using provided task directory: ./csi-bench-dataset/tasks/HumanActivityRecognition
Loaded 4958 samples for HumanActivityRecognition - test_cross_device
Loaded 4958 samples for HumanActivityRecognition - test_cross_device
Using provided task directory: ./csi-bench-dataset/tasks/HumanActivityRecognition
Using provided task directory: ./csi-bench-dataset/tasks/HumanActivityRecognition
Loaded 5660 samples for HumanActivityRecognition - test_cross_env
Loaded 5660 samples for HumanActivityRecognition - test_cross_env
Using provided task directory: ./csi-bench-dataset/tasks/HumanActivityRecognition
Using provided task directory: ./csi-bench-dataset/tasks/HumanActivityRecognition
Loaded 5967 samples for HumanActivityRecognition - test_cross_user
Loaded 5967 samples for HumanActivityRecognition - test_cross_user
Using provided task directory: ./csi-bench-dataset/tasks/HumanActivityRecognition
Using provided task directory: ./csi-bench-dataset/tasks/HumanActivityRecognition
Loaded 3400 samples for HumanActivityRecognition - test_id
Loaded 3400 samples for HumanActivityRecognition - test_id
Detected 6 classes in the dataset
Loaded 4 test splits: ['test_cross_device', 'test_cross_env', 'test_cross_user', 'test']
Creating RESNET18 model...
/opt/conda/lib/python3.10/site-packages/torchvision/models/_utils.py:208: UserWarning: The parameter 'pretrained' is deprecated since 0.13 and may be removed in the future, please use 'weights' instead.
  warnings.warn(
/opt/conda/lib/python3.10/site-packages/torchvision/models/_utils.py:223: UserWarning: Arguments other than a weight enum or `None` for 'weights' are deprecated since 0.13 and may be removed in the future. The current behavior is equivalent to passing `weights=None`.
  warnings.warn(msg)
Model parameters: 11173318
Starting supervised training phase...
Epoch 1/100
Train Loss: 1.7513, Val Loss: 1.7363
Train Acc: 0.1374, Val Acc: 0.1477
Time per sample: 0.000109 seconds
Best model saved to ./results/HumanActivityRecognition/resnet18/params_c7f7c9bcf7/best_model.pt
Epoch 2/100
Train Loss: 1.7294, Val Loss: 1.6901
Train Acc: 0.1630, Val Acc: 0.2355
Time per sample: 0.000083 seconds
Best model saved to ./results/HumanActivityRecognition/resnet18/params_c7f7c9bcf7/best_model.pt
Epoch 3/100
Train Loss: 1.6686, Val Loss: 1.6150
Train Acc: 0.3622, Val Acc: 0.4948
Time per sample: 0.000080 seconds
Best model saved to ./results/HumanActivityRecognition/resnet18/params_c7f7c9bcf7/best_model.pt
Epoch 4/100
Train Loss: 1.5887, Val Loss: 1.5317
Train Acc: 0.4971, Val Acc: 0.5113
Time per sample: 0.000075 seconds
Best model saved to ./results/HumanActivityRecognition/resnet18/params_c7f7c9bcf7/best_model.pt
Epoch 5/100
Train Loss: 1.5114, Val Loss: 1.4625
Train Acc: 0.5038, Val Acc: 0.5113
Time per sample: 0.000078 seconds
Best model saved to ./results/HumanActivityRecognition/resnet18/params_c7f7c9bcf7/best_model.pt
Epoch 6/100
Train Loss: 1.4543, Val Loss: 1.4170
Train Acc: 0.5038, Val Acc: 0.5113
Time per sample: 0.000077 seconds
Best model saved to ./results/HumanActivityRecognition/resnet18/params_c7f7c9bcf7/best_model.pt
Epoch 7/100
Train Loss: 1.4161, Val Loss: 1.3885
Train Acc: 0.5038, Val Acc: 0.5113
Time per sample: 0.000074 seconds
Best model saved to ./results/HumanActivityRecognition/resnet18/params_c7f7c9bcf7/best_model.pt
Epoch 8/100
Train Loss: 1.3874, Val Loss: 1.3623
Train Acc: 0.5038, Val Acc: 0.5113
Time per sample: 0.000074 seconds
Best model saved to ./results/HumanActivityRecognition/resnet18/params_c7f7c9bcf7/best_model.pt
Epoch 9/100
Train Loss: 1.3585, Val Loss: 1.3334
Train Acc: 0.5039, Val Acc: 0.5122
Time per sample: 0.000073 seconds
Best model saved to ./results/HumanActivityRecognition/resnet18/params_c7f7c9bcf7/best_model.pt
Epoch 10/100
Train Loss: 1.3195, Val Loss: 1.2872
Train Acc: 0.5090, Val Acc: 0.5187
Time per sample: 0.000071 seconds
Best model saved to ./results/HumanActivityRecognition/resnet18/params_c7f7c9bcf7/best_model.pt
Epoch 11/100
Train Loss: 1.2637, Val Loss: 1.2244
Train Acc: 0.5261, Val Acc: 0.5408
Time per sample: 0.000074 seconds
Best model saved to ./results/HumanActivityRecognition/resnet18/params_c7f7c9bcf7/best_model.pt
Epoch 12/100
Train Loss: 1.1948, Val Loss: 1.1522
Train Acc: 0.5547, Val Acc: 0.5782
Time per sample: 0.000076 seconds
Best model saved to ./results/HumanActivityRecognition/resnet18/params_c7f7c9bcf7/best_model.pt
Epoch 13/100
Train Loss: 1.1223, Val Loss: 1.0814
Train Acc: 0.5854, Val Acc: 0.6004
Time per sample: 0.000077 seconds
Best model saved to ./results/HumanActivityRecognition/resnet18/params_c7f7c9bcf7/best_model.pt
Epoch 14/100
Train Loss: 1.0555, Val Loss: 1.0235
Train Acc: 0.6034, Val Acc: 0.6113
Time per sample: 0.000080 seconds
Best model saved to ./results/HumanActivityRecognition/resnet18/params_c7f7c9bcf7/best_model.pt
Epoch 15/100
Train Loss: 0.9958, Val Loss: 0.9694
Train Acc: 0.6225, Val Acc: 0.6245
Time per sample: 0.000074 seconds
Best model saved to ./results/HumanActivityRecognition/resnet18/params_c7f7c9bcf7/best_model.pt
Epoch 16/100
Train Loss: 0.9490, Val Loss: 0.9337
Train Acc: 0.6345, Val Acc: 0.6404
Time per sample: 0.000078 seconds
Best model saved to ./results/HumanActivityRecognition/resnet18/params_c7f7c9bcf7/best_model.pt
Epoch 17/100
Train Loss: 0.9074, Val Loss: 0.8863
Train Acc: 0.6492, Val Acc: 0.6531
Time per sample: 0.000076 seconds
Best model saved to ./results/HumanActivityRecognition/resnet18/params_c7f7c9bcf7/best_model.pt
Epoch 18/100
Train Loss: 0.8701, Val Loss: 0.8536
Train Acc: 0.6617, Val Acc: 0.6699
Time per sample: 0.000074 seconds
Best model saved to ./results/HumanActivityRecognition/resnet18/params_c7f7c9bcf7/best_model.pt
Epoch 19/100
Train Loss: 0.8409, Val Loss: 0.8416
Train Acc: 0.6753, Val Acc: 0.6776
Time per sample: 0.000073 seconds
Best model saved to ./results/HumanActivityRecognition/resnet18/params_c7f7c9bcf7/best_model.pt
Epoch 20/100
Train Loss: 0.8088, Val Loss: 0.7998
Train Acc: 0.6869, Val Acc: 0.6911
Time per sample: 0.000075 seconds
Best model saved to ./results/HumanActivityRecognition/resnet18/params_c7f7c9bcf7/best_model.pt
Epoch 21/100
Train Loss: 0.7791, Val Loss: 0.7735
Train Acc: 0.7019, Val Acc: 0.7035
Time per sample: 0.000077 seconds
Best model saved to ./results/HumanActivityRecognition/resnet18/params_c7f7c9bcf7/best_model.pt
Epoch 22/100
Train Loss: 0.7498, Val Loss: 0.7575
Train Acc: 0.7154, Val Acc: 0.7076
Time per sample: 0.000077 seconds
Best model saved to ./results/HumanActivityRecognition/resnet18/params_c7f7c9bcf7/best_model.pt
Epoch 23/100
Train Loss: 0.7261, Val Loss: 0.7285
Train Acc: 0.7275, Val Acc: 0.7129
Time per sample: 0.000077 seconds
Best model saved to ./results/HumanActivityRecognition/resnet18/params_c7f7c9bcf7/best_model.pt
Epoch 24/100
Train Loss: 0.6997, Val Loss: 0.7144
Train Acc: 0.7381, Val Acc: 0.7286
Time per sample: 0.000077 seconds
Best model saved to ./results/HumanActivityRecognition/resnet18/params_c7f7c9bcf7/best_model.pt
Epoch 25/100
Train Loss: 0.6746, Val Loss: 0.6951
Train Acc: 0.7497, Val Acc: 0.7350
Time per sample: 0.000074 seconds
Best model saved to ./results/HumanActivityRecognition/resnet18/params_c7f7c9bcf7/best_model.pt
Epoch 26/100
Train Loss: 0.6480, Val Loss: 0.6604
Train Acc: 0.7638, Val Acc: 0.7513
Time per sample: 0.000075 seconds
Best model saved to ./results/HumanActivityRecognition/resnet18/params_c7f7c9bcf7/best_model.pt
Epoch 27/100
Train Loss: 0.6182, Val Loss: 0.6429
Train Acc: 0.7774, Val Acc: 0.7571
Time per sample: 0.000074 seconds
Best model saved to ./results/HumanActivityRecognition/resnet18/params_c7f7c9bcf7/best_model.pt
Epoch 28/100
Train Loss: 0.5941, Val Loss: 0.6301
Train Acc: 0.7839, Val Acc: 0.7648
Time per sample: 0.000076 seconds
Best model saved to ./results/HumanActivityRecognition/resnet18/params_c7f7c9bcf7/best_model.pt
Epoch 29/100
Train Loss: 0.5663, Val Loss: 0.6039
Train Acc: 0.7977, Val Acc: 0.7728
Time per sample: 0.000079 seconds
Best model saved to ./results/HumanActivityRecognition/resnet18/params_c7f7c9bcf7/best_model.pt
Epoch 30/100
Train Loss: 0.5386, Val Loss: 0.6152
Train Acc: 0.8096, Val Acc: 0.7660
Time per sample: 0.000078 seconds
Epoch 31/100
Train Loss: 0.5177, Val Loss: 0.5596
Train Acc: 0.8163, Val Acc: 0.7881
Time per sample: 0.000075 seconds
Best model saved to ./results/HumanActivityRecognition/resnet18/params_c7f7c9bcf7/best_model.pt
Epoch 32/100
Train Loss: 0.4858, Val Loss: 0.5522
Train Acc: 0.8271, Val Acc: 0.7934
Time per sample: 0.000079 seconds
Best model saved to ./results/HumanActivityRecognition/resnet18/params_c7f7c9bcf7/best_model.pt
Epoch 33/100
Train Loss: 0.4582, Val Loss: 0.5349
Train Acc: 0.8374, Val Acc: 0.8011
Time per sample: 0.000079 seconds
Best model saved to ./results/HumanActivityRecognition/resnet18/params_c7f7c9bcf7/best_model.pt
Epoch 34/100
Train Loss: 0.4353, Val Loss: 0.5134
Train Acc: 0.8450, Val Acc: 0.8096
Time per sample: 0.000078 seconds
Best model saved to ./results/HumanActivityRecognition/resnet18/params_c7f7c9bcf7/best_model.pt
Epoch 35/100
Train Loss: 0.4052, Val Loss: 0.4960
Train Acc: 0.8584, Val Acc: 0.8205
Time per sample: 0.000078 seconds
Best model saved to ./results/HumanActivityRecognition/resnet18/params_c7f7c9bcf7/best_model.pt
Epoch 36/100
Train Loss: 0.3873, Val Loss: 0.4892
Train Acc: 0.8655, Val Acc: 0.8161
Time per sample: 0.000075 seconds
Best model saved to ./results/HumanActivityRecognition/resnet18/params_c7f7c9bcf7/best_model.pt
Epoch 37/100
Train Loss: 0.3610, Val Loss: 0.4780
Train Acc: 0.8755, Val Acc: 0.8267
Time per sample: 0.000074 seconds
Best model saved to ./results/HumanActivityRecognition/resnet18/params_c7f7c9bcf7/best_model.pt
Epoch 38/100
Train Loss: 0.3405, Val Loss: 0.4644
Train Acc: 0.8841, Val Acc: 0.8355
Time per sample: 0.000079 seconds
Best model saved to ./results/HumanActivityRecognition/resnet18/params_c7f7c9bcf7/best_model.pt
Epoch 39/100
Train Loss: 0.3258, Val Loss: 0.4398
Train Acc: 0.8888, Val Acc: 0.8411
Time per sample: 0.000082 seconds
Best model saved to ./results/HumanActivityRecognition/resnet18/params_c7f7c9bcf7/best_model.pt
Epoch 40/100
Train Loss: 0.2978, Val Loss: 0.4423
Train Acc: 0.9019, Val Acc: 0.8403
Time per sample: 0.000080 seconds
Epoch 41/100
Train Loss: 0.2824, Val Loss: 0.4930
Train Acc: 0.9077, Val Acc: 0.8128
Time per sample: 0.000079 seconds
Epoch 42/100
Train Loss: 0.2580, Val Loss: 0.4236
Train Acc: 0.9165, Val Acc: 0.8518
Time per sample: 0.000080 seconds
Best model saved to ./results/HumanActivityRecognition/resnet18/params_c7f7c9bcf7/best_model.pt
Epoch 43/100
Train Loss: 0.2398, Val Loss: 0.4127
Train Acc: 0.9238, Val Acc: 0.8603
Time per sample: 0.000080 seconds
Best model saved to ./results/HumanActivityRecognition/resnet18/params_c7f7c9bcf7/best_model.pt
Epoch 44/100
Train Loss: 0.2160, Val Loss: 0.4245
Train Acc: 0.9360, Val Acc: 0.8523
Time per sample: 0.000079 seconds
Epoch 45/100
Train Loss: 0.2036, Val Loss: 0.3920
Train Acc: 0.9402, Val Acc: 0.8627
Time per sample: 0.000077 seconds
Best model saved to ./results/HumanActivityRecognition/resnet18/params_c7f7c9bcf7/best_model.pt
Epoch 46/100
Train Loss: 0.1780, Val Loss: 0.4035
Train Acc: 0.9510, Val Acc: 0.8582
Time per sample: 0.000078 seconds
Epoch 47/100
Train Loss: 0.1616, Val Loss: 0.4079
Train Acc: 0.9556, Val Acc: 0.8588
Time per sample: 0.000079 seconds
Epoch 48/100
Train Loss: 0.1472, Val Loss: 0.3941
Train Acc: 0.9624, Val Acc: 0.8591
Time per sample: 0.000076 seconds
Epoch 49/100
Train Loss: 0.1278, Val Loss: 0.3805
Train Acc: 0.9700, Val Acc: 0.8653
Time per sample: 0.000076 seconds
Best model saved to ./results/HumanActivityRecognition/resnet18/params_c7f7c9bcf7/best_model.pt
Epoch 50/100
Train Loss: 0.1081, Val Loss: 0.3784
Train Acc: 0.9771, Val Acc: 0.8688
Time per sample: 0.000076 seconds
Best model saved to ./results/HumanActivityRecognition/resnet18/params_c7f7c9bcf7/best_model.pt
Epoch 51/100
Train Loss: 0.0982, Val Loss: 0.4759
Train Acc: 0.9804, Val Acc: 0.8376
Time per sample: 0.000077 seconds
Epoch 52/100
Train Loss: 0.0846, Val Loss: 0.5159
Train Acc: 0.9848, Val Acc: 0.8279
Time per sample: 0.000077 seconds
Epoch 53/100
Train Loss: 0.0671, Val Loss: 0.4335
Train Acc: 0.9909, Val Acc: 0.8582
Time per sample: 0.000073 seconds
Epoch 54/100
Train Loss: 0.0587, Val Loss: 0.3691
Train Acc: 0.9920, Val Acc: 0.8777
Time per sample: 0.000076 seconds
Best model saved to ./results/HumanActivityRecognition/resnet18/params_c7f7c9bcf7/best_model.pt
Epoch 55/100
Train Loss: 0.0485, Val Loss: 0.3706
Train Acc: 0.9948, Val Acc: 0.8739
Time per sample: 0.000076 seconds
Epoch 56/100
Train Loss: 0.0419, Val Loss: 0.3820
Train Acc: 0.9950, Val Acc: 0.8733
Time per sample: 0.000076 seconds
Epoch 57/100
Train Loss: 0.0350, Val Loss: 0.3617
Train Acc: 0.9963, Val Acc: 0.8774
Time per sample: 0.000079 seconds
Best model saved to ./results/HumanActivityRecognition/resnet18/params_c7f7c9bcf7/best_model.pt
Epoch 58/100
Train Loss: 0.0266, Val Loss: 0.3620
Train Acc: 0.9985, Val Acc: 0.8795
Time per sample: 0.000078 seconds
Epoch 59/100
Train Loss: 0.0212, Val Loss: 0.3774
Train Acc: 0.9990, Val Acc: 0.8768
Time per sample: 0.000076 seconds
Epoch 60/100
Train Loss: 0.0169, Val Loss: 0.3766
Train Acc: 0.9993, Val Acc: 0.8889
Time per sample: 0.000078 seconds
Epoch 61/100
Train Loss: 0.0149, Val Loss: 0.4550
Train Acc: 0.9992, Val Acc: 0.8609
Time per sample: 0.000078 seconds
Epoch 62/100
Train Loss: 0.0136, Val Loss: 0.4162
Train Acc: 0.9992, Val Acc: 0.8736
Time per sample: 0.000076 seconds
Epoch 63/100
Train Loss: 0.0105, Val Loss: 0.3814
Train Acc: 0.9992, Val Acc: 0.8871
Time per sample: 0.000077 seconds
Epoch 64/100
Train Loss: 0.0092, Val Loss: 0.3812
Train Acc: 0.9994, Val Acc: 0.8827
Time per sample: 0.000077 seconds
Epoch 65/100
Train Loss: 0.0073, Val Loss: 0.4322
Train Acc: 0.9997, Val Acc: 0.8771
Time per sample: 0.000078 seconds
Epoch 66/100
Train Loss: 0.0062, Val Loss: 0.3795
Train Acc: 0.9998, Val Acc: 0.8883
Time per sample: 0.000076 seconds
Epoch 67/100
Train Loss: 0.0053, Val Loss: 0.4274
Train Acc: 0.9998, Val Acc: 0.8703
Time per sample: 0.000076 seconds
Epoch 68/100
Train Loss: 0.0052, Val Loss: 0.4490
Train Acc: 0.9996, Val Acc: 0.8821
Time per sample: 0.000074 seconds
Epoch 69/100
Train Loss: 0.0043, Val Loss: 0.3883
Train Acc: 0.9997, Val Acc: 0.8862
Time per sample: 0.000078 seconds
Epoch 70/100
Train Loss: 0.0030, Val Loss: 0.5447
Train Acc: 0.9999, Val Acc: 0.8618
Time per sample: 0.000079 seconds
Epoch 71/100
Train Loss: 0.0026, Val Loss: 0.5121
Train Acc: 0.9999, Val Acc: 0.8568
Time per sample: 0.000080 seconds
Epoch 72/100
Train Loss: 0.0027, Val Loss: 0.4100
Train Acc: 0.9998, Val Acc: 0.8798
Time per sample: 0.000078 seconds
Early stopping triggered after 15 epochs without improvement.

Evaluating on test splits:
Evaluating on test_cross_device split:
Predictions shape: (4958,), unique values: [0 1 2 3 4]
Targets shape: (4958,), unique values: [0 1 2 3 4]
Classification report saved to ./results/HumanActivityRecognition/resnet18/params_c7f7c9bcf7/classification_report_unknown.csv
test_cross_device accuracy: 0.3278, F1-score: 0.3458
Generating confusion matrix for test_cross_device split...
Evaluating on test_cross_env split:
Predictions shape: (5660,), unique values: [0 1 2 3 4]
Targets shape: (5660,), unique values: [0 1 2 3 4]
Classification report saved to ./results/HumanActivityRecognition/resnet18/params_c7f7c9bcf7/classification_report_unknown.csv
test_cross_env accuracy: 0.3841, F1-score: 0.3564
Generating confusion matrix for test_cross_env split...
Evaluating on test_cross_user split:
Predictions shape: (5967,), unique values: [0 1 2 3 4]
Targets shape: (5967,), unique values: [0 1 2 3 4]
Classification report saved to ./results/HumanActivityRecognition/resnet18/params_c7f7c9bcf7/classification_report_unknown.csv
test_cross_user accuracy: 0.4946, F1-score: 0.4141
Generating confusion matrix for test_cross_user split...
Evaluating on test split:
Predictions shape: (3400,), unique values: [0 1 2 3 4]
Targets shape: (3400,), unique values: [0 1 2 3 4]
Classification report saved to ./results/HumanActivityRecognition/resnet18/params_c7f7c9bcf7/classification_report_unknown.csv
test accuracy: 0.8729, F1-score: 0.8724
Generating confusion matrix for test split...
***********************FEW_SHOTFalse

Test Results Summary:
Split                     Accuracy        F1-Score       
-------------------------------------------------------
test_cross_device         0.3278          0.3458         
test_cross_env            0.3841          0.3564         
test_cross_user           0.4946          0.4141         
test                      0.8729          0.8724         

Training and evaluation completed.
Best model from epoch 57, saved to ./results/HumanActivityRecognition/resnet18/params_c7f7c9bcf7
Results saved to ./results/HumanActivityRecognition/resnet18/params_c7f7c9bcf7
New best model! Validation accuracy: 0.8774 (previous best: 0.0000)
Supervised learning completed successfully.
Configuration saved to model directory: ./results/HumanActivityRecognition/resnet18/params_c7f7c9bcf7/supervised_config.json

Model resnet18 training successful
Running time: 74.67 minutes

============================================================
Starting training for model: vit
============================================================

Running supervised learning: /opt/conda/bin/python /workspace/CSI-Bench-Real-WiFi-Sensing-Benchmark/scripts/train_supervised.py --data_dir="./csi-bench-dataset" --task_name=HumanActivityRecognition --model=vit --batch_size=128 --epochs=100 --win_len=500 --feature_size=232 --save_dir="./results" --output_dir="./results" --num_workers=0 --use_root_data_path --no_pin_memory --test_splits="all" --learning_rate=0.0001 --weight_decay=1e-05 --warmup_epochs=5 --patience=15
Disabling PyTorch because PyTorch >= 2.4 is required but found 2.1.0
PyTorch was not found. Models won't be available and only tokenizers, configuration and file/data utilities can be used.
Running in local environment
Experiment ID: params_c7f7c9bcf7
Results will be saved to: ./results/HumanActivityRecognition/vit/params_c7f7c9bcf7
Model checkpoints will be saved to: ./results/HumanActivityRecognition/vit/params_c7f7c9bcf7
Using device: cuda
********************splits_dir is ./csi-bench-dataset/tasks/HumanActivityRecognition/splits
Available test splits: ['test_cross_device', 'test_cross_env', 'test_cross_user', 'test_id']
Using test splits: ['test_cross_device', 'test_cross_env', 'test_cross_user', 'test_id']
Loading data from ./csi-bench-dataset for task HumanActivityRecognition...
________________________DATA DEBUG________./csi-bench-dataset/tasks/HumanActivityRecognition
Root directory does not contain required subfolders, will try standard paths.
Checking path: ./csi-bench-dataset/tasks/HumanActivityRecognition
  Has metadata: True, Has splits: True
Using task directory: ./csi-bench-dataset/tasks/HumanActivityRecognition

==== Task Directory Contents (./csi-bench-dataset/tasks/HumanActivityRecognition) ====
  Directory: metadata/ (3 items)
    - device_mapping.json
    - label_mapping.json
    - sample_metadata.csv
  Directory: splits/ (6 items)
    - test_cross_device.json
    - test_cross_env.json
    - test_cross_user.json
    - test_id.json
    - train_id.json
    - val_id.json
  Directory: sub_Human/ (6 items)
================================================

Using metadata path: ./csi-bench-dataset/tasks/HumanActivityRecognition/metadata/sample_metadata.csv
Using provided task directory: ./csi-bench-dataset/tasks/HumanActivityRecognition
Using provided task directory: ./csi-bench-dataset/tasks/HumanActivityRecognition
Loaded 15843 samples for HumanActivityRecognition - train_id
Loaded 15843 samples for HumanActivityRecognition - train_id
Using provided task directory: ./csi-bench-dataset/tasks/HumanActivityRecognition
Using provided task directory: ./csi-bench-dataset/tasks/HumanActivityRecognition
Loaded 3393 samples for HumanActivityRecognition - val_id
Loaded 3393 samples for HumanActivityRecognition - val_id
Using provided task directory: ./csi-bench-dataset/tasks/HumanActivityRecognition
Using provided task directory: ./csi-bench-dataset/tasks/HumanActivityRecognition
Loaded 4958 samples for HumanActivityRecognition - test_cross_device
Loaded 4958 samples for HumanActivityRecognition - test_cross_device
Using provided task directory: ./csi-bench-dataset/tasks/HumanActivityRecognition
Using provided task directory: ./csi-bench-dataset/tasks/HumanActivityRecognition
Loaded 5660 samples for HumanActivityRecognition - test_cross_env
Loaded 5660 samples for HumanActivityRecognition - test_cross_env
Using provided task directory: ./csi-bench-dataset/tasks/HumanActivityRecognition
Using provided task directory: ./csi-bench-dataset/tasks/HumanActivityRecognition
Loaded 5967 samples for HumanActivityRecognition - test_cross_user
Loaded 5967 samples for HumanActivityRecognition - test_cross_user
Using provided task directory: ./csi-bench-dataset/tasks/HumanActivityRecognition
Using provided task directory: ./csi-bench-dataset/tasks/HumanActivityRecognition
Loaded 3400 samples for HumanActivityRecognition - test_id
Loaded 3400 samples for HumanActivityRecognition - test_id
Detected 6 classes in the dataset
Loaded 4 test splits: ['test_cross_device', 'test_cross_env', 'test_cross_user', 'test']
Creating VIT model...
Model parameters: 1351430
Starting supervised training phase...
Epoch 1/100
Train Loss: 2.1210, Val Loss: 2.1425
Train Acc: 0.1114, Val Acc: 0.1205
Time per sample: 0.000132 seconds
Best model saved to ./results/HumanActivityRecognition/vit/params_c7f7c9bcf7/best_model.pt
Epoch 2/100
Train Loss: 2.0721, Val Loss: 2.0068
Train Acc: 0.1144, Val Acc: 0.1205
Time per sample: 0.000110 seconds
Best model saved to ./results/HumanActivityRecognition/vit/params_c7f7c9bcf7/best_model.pt
Epoch 3/100
Train Loss: 1.9219, Val Loss: 1.7676
Train Acc: 0.1327, Val Acc: 0.1406
Time per sample: 0.000106 seconds
Best model saved to ./results/HumanActivityRecognition/vit/params_c7f7c9bcf7/best_model.pt
Epoch 4/100
Train Loss: 1.7113, Val Loss: 1.5224
Train Acc: 0.2606, Val Acc: 0.5090
Time per sample: 0.000109 seconds
Best model saved to ./results/HumanActivityRecognition/vit/params_c7f7c9bcf7/best_model.pt
Epoch 5/100
Train Loss: 1.5325, Val Loss: 1.4214
Train Acc: 0.4647, Val Acc: 0.5113
Time per sample: 0.000112 seconds
Best model saved to ./results/HumanActivityRecognition/vit/params_c7f7c9bcf7/best_model.pt
Epoch 6/100
Train Loss: 1.4542, Val Loss: 1.4046
Train Acc: 0.5016, Val Acc: 0.5113
Time per sample: 0.000110 seconds
Best model saved to ./results/HumanActivityRecognition/vit/params_c7f7c9bcf7/best_model.pt
Epoch 7/100
Train Loss: 1.4291, Val Loss: 1.3940
Train Acc: 0.5029, Val Acc: 0.5113
Time per sample: 0.000114 seconds
Best model saved to ./results/HumanActivityRecognition/vit/params_c7f7c9bcf7/best_model.pt
Epoch 8/100
Train Loss: 1.4177, Val Loss: 1.3837
Train Acc: 0.5031, Val Acc: 0.5113
Time per sample: 0.000114 seconds
Best model saved to ./results/HumanActivityRecognition/vit/params_c7f7c9bcf7/best_model.pt
Epoch 9/100
Train Loss: 1.4114, Val Loss: 1.3778
Train Acc: 0.5036, Val Acc: 0.5113
Time per sample: 0.000110 seconds
Best model saved to ./results/HumanActivityRecognition/vit/params_c7f7c9bcf7/best_model.pt
Epoch 10/100
Train Loss: 1.4028, Val Loss: 1.3690
Train Acc: 0.5034, Val Acc: 0.5113
Time per sample: 0.000108 seconds
Best model saved to ./results/HumanActivityRecognition/vit/params_c7f7c9bcf7/best_model.pt
Epoch 11/100
Train Loss: 1.3952, Val Loss: 1.3634
Train Acc: 0.5033, Val Acc: 0.5113
Time per sample: 0.000113 seconds
Best model saved to ./results/HumanActivityRecognition/vit/params_c7f7c9bcf7/best_model.pt
Epoch 12/100
Train Loss: 1.3905, Val Loss: 1.3614
Train Acc: 0.5037, Val Acc: 0.5113
Time per sample: 0.000111 seconds
Best model saved to ./results/HumanActivityRecognition/vit/params_c7f7c9bcf7/best_model.pt
Epoch 13/100
Train Loss: 1.3844, Val Loss: 1.3547
Train Acc: 0.5036, Val Acc: 0.5113
Time per sample: 0.000119 seconds
Best model saved to ./results/HumanActivityRecognition/vit/params_c7f7c9bcf7/best_model.pt
Epoch 14/100
Train Loss: 1.3804, Val Loss: 1.3465
Train Acc: 0.5045, Val Acc: 0.5116
Time per sample: 0.000110 seconds
Best model saved to ./results/HumanActivityRecognition/vit/params_c7f7c9bcf7/best_model.pt
Epoch 15/100
Train Loss: 1.3733, Val Loss: 1.3427
Train Acc: 0.5053, Val Acc: 0.5122
Time per sample: 0.000116 seconds
Best model saved to ./results/HumanActivityRecognition/vit/params_c7f7c9bcf7/best_model.pt
Epoch 16/100
Train Loss: 1.3706, Val Loss: 1.3327
Train Acc: 0.5053, Val Acc: 0.5137
Time per sample: 0.000107 seconds
Best model saved to ./results/HumanActivityRecognition/vit/params_c7f7c9bcf7/best_model.pt
Epoch 17/100
Train Loss: 1.3603, Val Loss: 1.3206
Train Acc: 0.5070, Val Acc: 0.5149
Time per sample: 0.000110 seconds
Best model saved to ./results/HumanActivityRecognition/vit/params_c7f7c9bcf7/best_model.pt
Epoch 18/100
Train Loss: 1.3521, Val Loss: 1.3197
Train Acc: 0.5080, Val Acc: 0.5143
Time per sample: 0.000115 seconds
Best model saved to ./results/HumanActivityRecognition/vit/params_c7f7c9bcf7/best_model.pt
Epoch 19/100
Train Loss: 1.3484, Val Loss: 1.3070
Train Acc: 0.5089, Val Acc: 0.5167
Time per sample: 0.000112 seconds
Best model saved to ./results/HumanActivityRecognition/vit/params_c7f7c9bcf7/best_model.pt
Epoch 20/100
Train Loss: 1.3403, Val Loss: 1.2939
Train Acc: 0.5111, Val Acc: 0.5234
Time per sample: 0.000113 seconds
Best model saved to ./results/HumanActivityRecognition/vit/params_c7f7c9bcf7/best_model.pt
Epoch 21/100
Train Loss: 1.3305, Val Loss: 1.2853
Train Acc: 0.5121, Val Acc: 0.5246
Time per sample: 0.000113 seconds
Best model saved to ./results/HumanActivityRecognition/vit/params_c7f7c9bcf7/best_model.pt
Epoch 22/100
Train Loss: 1.3245, Val Loss: 1.2753
Train Acc: 0.5121, Val Acc: 0.5264
Time per sample: 0.000114 seconds
Best model saved to ./results/HumanActivityRecognition/vit/params_c7f7c9bcf7/best_model.pt
Epoch 23/100
Train Loss: 1.3163, Val Loss: 1.2659
Train Acc: 0.5147, Val Acc: 0.5287
Time per sample: 0.000115 seconds
Best model saved to ./results/HumanActivityRecognition/vit/params_c7f7c9bcf7/best_model.pt
Epoch 24/100
Train Loss: 1.3078, Val Loss: 1.2588
Train Acc: 0.5166, Val Acc: 0.5311
Time per sample: 0.000118 seconds
Best model saved to ./results/HumanActivityRecognition/vit/params_c7f7c9bcf7/best_model.pt
Epoch 25/100
Train Loss: 1.2993, Val Loss: 1.2485
Train Acc: 0.5190, Val Acc: 0.5352
Time per sample: 0.000114 seconds
Best model saved to ./results/HumanActivityRecognition/vit/params_c7f7c9bcf7/best_model.pt
Epoch 26/100
Train Loss: 1.2903, Val Loss: 1.2430
Train Acc: 0.5214, Val Acc: 0.5385
Time per sample: 0.000112 seconds
Best model saved to ./results/HumanActivityRecognition/vit/params_c7f7c9bcf7/best_model.pt
Epoch 27/100
Train Loss: 1.2810, Val Loss: 1.2362
Train Acc: 0.5235, Val Acc: 0.5417
Time per sample: 0.000113 seconds
Best model saved to ./results/HumanActivityRecognition/vit/params_c7f7c9bcf7/best_model.pt
Epoch 28/100
Train Loss: 1.2759, Val Loss: 1.2249
Train Acc: 0.5243, Val Acc: 0.5449
Time per sample: 0.000104 seconds
Best model saved to ./results/HumanActivityRecognition/vit/params_c7f7c9bcf7/best_model.pt
Epoch 29/100
Train Loss: 1.2675, Val Loss: 1.2218
Train Acc: 0.5257, Val Acc: 0.5429
Time per sample: 0.000105 seconds
Best model saved to ./results/HumanActivityRecognition/vit/params_c7f7c9bcf7/best_model.pt
Epoch 30/100
Train Loss: 1.2617, Val Loss: 1.2125
Train Acc: 0.5230, Val Acc: 0.5455
Time per sample: 0.000105 seconds
Best model saved to ./results/HumanActivityRecognition/vit/params_c7f7c9bcf7/best_model.pt
Epoch 31/100
Train Loss: 1.2545, Val Loss: 1.2002
Train Acc: 0.5268, Val Acc: 0.5461
Time per sample: 0.000104 seconds
Best model saved to ./results/HumanActivityRecognition/vit/params_c7f7c9bcf7/best_model.pt
Epoch 32/100
Train Loss: 1.2459, Val Loss: 1.1922
Train Acc: 0.5276, Val Acc: 0.5464
Time per sample: 0.000106 seconds
Best model saved to ./results/HumanActivityRecognition/vit/params_c7f7c9bcf7/best_model.pt
Epoch 33/100
Train Loss: 1.2306, Val Loss: 1.1795
Train Acc: 0.5335, Val Acc: 0.5520
Time per sample: 0.000104 seconds
Best model saved to ./results/HumanActivityRecognition/vit/params_c7f7c9bcf7/best_model.pt
Epoch 34/100
Train Loss: 1.2234, Val Loss: 1.1697
Train Acc: 0.5349, Val Acc: 0.5585
Time per sample: 0.000111 seconds
Best model saved to ./results/HumanActivityRecognition/vit/params_c7f7c9bcf7/best_model.pt
Epoch 35/100
Train Loss: 1.2102, Val Loss: 1.1554
Train Acc: 0.5383, Val Acc: 0.5676
Time per sample: 0.000113 seconds
Best model saved to ./results/HumanActivityRecognition/vit/params_c7f7c9bcf7/best_model.pt
Epoch 36/100
Train Loss: 1.2001, Val Loss: 1.1422
Train Acc: 0.5392, Val Acc: 0.5724
Time per sample: 0.000105 seconds
Best model saved to ./results/HumanActivityRecognition/vit/params_c7f7c9bcf7/best_model.pt
Epoch 37/100
Train Loss: 1.1883, Val Loss: 1.1289
Train Acc: 0.5490, Val Acc: 0.5691
Time per sample: 0.000114 seconds
Best model saved to ./results/HumanActivityRecognition/vit/params_c7f7c9bcf7/best_model.pt
Epoch 38/100
Train Loss: 1.1720, Val Loss: 1.1134
Train Acc: 0.5543, Val Acc: 0.5753
Time per sample: 0.000103 seconds
Best model saved to ./results/HumanActivityRecognition/vit/params_c7f7c9bcf7/best_model.pt
Epoch 39/100
Train Loss: 1.1610, Val Loss: 1.0961
Train Acc: 0.5559, Val Acc: 0.5841
Time per sample: 0.000106 seconds
Best model saved to ./results/HumanActivityRecognition/vit/params_c7f7c9bcf7/best_model.pt
Epoch 40/100
Train Loss: 1.1501, Val Loss: 1.0853
Train Acc: 0.5620, Val Acc: 0.5936
Time per sample: 0.000111 seconds
Best model saved to ./results/HumanActivityRecognition/vit/params_c7f7c9bcf7/best_model.pt
Epoch 41/100
Train Loss: 1.1346, Val Loss: 1.0662
Train Acc: 0.5667, Val Acc: 0.5959
Time per sample: 0.000111 seconds
Best model saved to ./results/HumanActivityRecognition/vit/params_c7f7c9bcf7/best_model.pt
Epoch 42/100
Train Loss: 1.1201, Val Loss: 1.0523
Train Acc: 0.5719, Val Acc: 0.6001
Time per sample: 0.000111 seconds
Best model saved to ./results/HumanActivityRecognition/vit/params_c7f7c9bcf7/best_model.pt
Epoch 43/100
Train Loss: 1.0994, Val Loss: 1.0335
Train Acc: 0.5792, Val Acc: 0.6113
Time per sample: 0.000113 seconds
Best model saved to ./results/HumanActivityRecognition/vit/params_c7f7c9bcf7/best_model.pt
Epoch 44/100
Train Loss: 1.0874, Val Loss: 1.0206
Train Acc: 0.5848, Val Acc: 0.6113
Time per sample: 0.000111 seconds
Best model saved to ./results/HumanActivityRecognition/vit/params_c7f7c9bcf7/best_model.pt
Epoch 45/100
Train Loss: 1.0714, Val Loss: 1.0034
Train Acc: 0.5894, Val Acc: 0.6219
Time per sample: 0.000107 seconds
Best model saved to ./results/HumanActivityRecognition/vit/params_c7f7c9bcf7/best_model.pt
Epoch 46/100
Train Loss: 1.0526, Val Loss: 0.9830
Train Acc: 0.5934, Val Acc: 0.6236
Time per sample: 0.000104 seconds
Best model saved to ./results/HumanActivityRecognition/vit/params_c7f7c9bcf7/best_model.pt
Epoch 47/100
Train Loss: 1.0430, Val Loss: 0.9683
Train Acc: 0.5982, Val Acc: 0.6325
Time per sample: 0.000103 seconds
Best model saved to ./results/HumanActivityRecognition/vit/params_c7f7c9bcf7/best_model.pt
Epoch 48/100
Train Loss: 1.0218, Val Loss: 0.9533
Train Acc: 0.6116, Val Acc: 0.6328
Time per sample: 0.000104 seconds
Best model saved to ./results/HumanActivityRecognition/vit/params_c7f7c9bcf7/best_model.pt
Epoch 49/100
Train Loss: 1.0097, Val Loss: 0.9349
Train Acc: 0.6121, Val Acc: 0.6452
Time per sample: 0.000105 seconds
Best model saved to ./results/HumanActivityRecognition/vit/params_c7f7c9bcf7/best_model.pt
Epoch 50/100
Train Loss: 0.9974, Val Loss: 0.9203
Train Acc: 0.6172, Val Acc: 0.6513
Time per sample: 0.000105 seconds
Best model saved to ./results/HumanActivityRecognition/vit/params_c7f7c9bcf7/best_model.pt
Epoch 51/100
Train Loss: 0.9852, Val Loss: 0.9059
Train Acc: 0.6231, Val Acc: 0.6566
Time per sample: 0.000107 seconds
Best model saved to ./results/HumanActivityRecognition/vit/params_c7f7c9bcf7/best_model.pt
Epoch 52/100
Train Loss: 0.9719, Val Loss: 0.8932
Train Acc: 0.6245, Val Acc: 0.6605
Time per sample: 0.000108 seconds
Best model saved to ./results/HumanActivityRecognition/vit/params_c7f7c9bcf7/best_model.pt
Epoch 53/100
Train Loss: 0.9550, Val Loss: 0.8814
Train Acc: 0.6325, Val Acc: 0.6655
Time per sample: 0.000112 seconds
Best model saved to ./results/HumanActivityRecognition/vit/params_c7f7c9bcf7/best_model.pt
Epoch 54/100
Train Loss: 0.9396, Val Loss: 0.8631
Train Acc: 0.6413, Val Acc: 0.6714
Time per sample: 0.000111 seconds
Best model saved to ./results/HumanActivityRecognition/vit/params_c7f7c9bcf7/best_model.pt
Epoch 55/100
Train Loss: 0.9292, Val Loss: 0.8520
Train Acc: 0.6455, Val Acc: 0.6796
Time per sample: 0.000105 seconds
Best model saved to ./results/HumanActivityRecognition/vit/params_c7f7c9bcf7/best_model.pt
Epoch 56/100
Train Loss: 0.9073, Val Loss: 0.8349
Train Acc: 0.6549, Val Acc: 0.6885
Time per sample: 0.000109 seconds
Best model saved to ./results/HumanActivityRecognition/vit/params_c7f7c9bcf7/best_model.pt
Epoch 57/100
Train Loss: 0.8995, Val Loss: 0.8217
Train Acc: 0.6569, Val Acc: 0.6861
Time per sample: 0.000114 seconds
Best model saved to ./results/HumanActivityRecognition/vit/params_c7f7c9bcf7/best_model.pt
Epoch 58/100
Train Loss: 0.8885, Val Loss: 0.8135
Train Acc: 0.6641, Val Acc: 0.6914
Time per sample: 0.000110 seconds
Best model saved to ./results/HumanActivityRecognition/vit/params_c7f7c9bcf7/best_model.pt
Epoch 59/100
Train Loss: 0.8734, Val Loss: 0.7990
Train Acc: 0.6691, Val Acc: 0.6958
Time per sample: 0.000113 seconds
Best model saved to ./results/HumanActivityRecognition/vit/params_c7f7c9bcf7/best_model.pt
Epoch 60/100
Train Loss: 0.8578, Val Loss: 0.7868
Train Acc: 0.6754, Val Acc: 0.6979
Time per sample: 0.000114 seconds
Best model saved to ./results/HumanActivityRecognition/vit/params_c7f7c9bcf7/best_model.pt
Epoch 61/100
Train Loss: 0.8466, Val Loss: 0.7704
Train Acc: 0.6771, Val Acc: 0.7100
Time per sample: 0.000113 seconds
Best model saved to ./results/HumanActivityRecognition/vit/params_c7f7c9bcf7/best_model.pt
Epoch 62/100
Train Loss: 0.8258, Val Loss: 0.7604
Train Acc: 0.6854, Val Acc: 0.7144
Time per sample: 0.000113 seconds
Best model saved to ./results/HumanActivityRecognition/vit/params_c7f7c9bcf7/best_model.pt
Epoch 63/100
Train Loss: 0.8187, Val Loss: 0.7467
Train Acc: 0.6887, Val Acc: 0.7159
Time per sample: 0.000113 seconds
Best model saved to ./results/HumanActivityRecognition/vit/params_c7f7c9bcf7/best_model.pt
Epoch 64/100
Train Loss: 0.8068, Val Loss: 0.7357
Train Acc: 0.6985, Val Acc: 0.7215
Time per sample: 0.000111 seconds
Best model saved to ./results/HumanActivityRecognition/vit/params_c7f7c9bcf7/best_model.pt
Epoch 65/100
Train Loss: 0.7907, Val Loss: 0.7224
Train Acc: 0.6982, Val Acc: 0.7227
Time per sample: 0.000112 seconds
Best model saved to ./results/HumanActivityRecognition/vit/params_c7f7c9bcf7/best_model.pt
Epoch 66/100
Train Loss: 0.7815, Val Loss: 0.7095
Train Acc: 0.7057, Val Acc: 0.7318
Time per sample: 0.000113 seconds
Best model saved to ./results/HumanActivityRecognition/vit/params_c7f7c9bcf7/best_model.pt
Epoch 67/100
Train Loss: 0.7733, Val Loss: 0.6929
Train Acc: 0.7053, Val Acc: 0.7336
Time per sample: 0.000118 seconds
Best model saved to ./results/HumanActivityRecognition/vit/params_c7f7c9bcf7/best_model.pt
Epoch 68/100
Train Loss: 0.7549, Val Loss: 0.6858
Train Acc: 0.7154, Val Acc: 0.7389
Time per sample: 0.000121 seconds
Best model saved to ./results/HumanActivityRecognition/vit/params_c7f7c9bcf7/best_model.pt
Epoch 69/100
Train Loss: 0.7440, Val Loss: 0.6730
Train Acc: 0.7151, Val Acc: 0.7436
Time per sample: 0.000104 seconds
Best model saved to ./results/HumanActivityRecognition/vit/params_c7f7c9bcf7/best_model.pt
Epoch 70/100
Train Loss: 0.7355, Val Loss: 0.6628
Train Acc: 0.7186, Val Acc: 0.7510
Time per sample: 0.000121 seconds
Best model saved to ./results/HumanActivityRecognition/vit/params_c7f7c9bcf7/best_model.pt
Epoch 71/100
Train Loss: 0.7243, Val Loss: 0.6551
Train Acc: 0.7215, Val Acc: 0.7530
Time per sample: 0.000114 seconds
Best model saved to ./results/HumanActivityRecognition/vit/params_c7f7c9bcf7/best_model.pt
Epoch 72/100
Train Loss: 0.7067, Val Loss: 0.6425
Train Acc: 0.7285, Val Acc: 0.7513
Time per sample: 0.000114 seconds
Best model saved to ./results/HumanActivityRecognition/vit/params_c7f7c9bcf7/best_model.pt
Epoch 73/100
Train Loss: 0.6936, Val Loss: 0.6316
Train Acc: 0.7369, Val Acc: 0.7571
Time per sample: 0.000114 seconds
Best model saved to ./results/HumanActivityRecognition/vit/params_c7f7c9bcf7/best_model.pt
Epoch 74/100
Train Loss: 0.6851, Val Loss: 0.6172
Train Acc: 0.7373, Val Acc: 0.7625
Time per sample: 0.000112 seconds
Best model saved to ./results/HumanActivityRecognition/vit/params_c7f7c9bcf7/best_model.pt
Epoch 75/100
Train Loss: 0.6784, Val Loss: 0.6141
Train Acc: 0.7373, Val Acc: 0.7607
Time per sample: 0.000114 seconds
Best model saved to ./results/HumanActivityRecognition/vit/params_c7f7c9bcf7/best_model.pt
Epoch 76/100
Train Loss: 0.6746, Val Loss: 0.6104
Train Acc: 0.7406, Val Acc: 0.7689
Time per sample: 0.000113 seconds
Best model saved to ./results/HumanActivityRecognition/vit/params_c7f7c9bcf7/best_model.pt
Epoch 77/100
Train Loss: 0.6554, Val Loss: 0.6081
Train Acc: 0.7470, Val Acc: 0.7678
Time per sample: 0.000111 seconds
Best model saved to ./results/HumanActivityRecognition/vit/params_c7f7c9bcf7/best_model.pt
Epoch 78/100
Train Loss: 0.6504, Val Loss: 0.5978
Train Acc: 0.7529, Val Acc: 0.7751
Time per sample: 0.000112 seconds
Best model saved to ./results/HumanActivityRecognition/vit/params_c7f7c9bcf7/best_model.pt
Epoch 79/100
Train Loss: 0.6398, Val Loss: 0.5896
Train Acc: 0.7542, Val Acc: 0.7734
Time per sample: 0.000106 seconds
Best model saved to ./results/HumanActivityRecognition/vit/params_c7f7c9bcf7/best_model.pt
Epoch 80/100
Train Loss: 0.6335, Val Loss: 0.5759
Train Acc: 0.7572, Val Acc: 0.7828
Time per sample: 0.000112 seconds
Best model saved to ./results/HumanActivityRecognition/vit/params_c7f7c9bcf7/best_model.pt
Epoch 81/100
Train Loss: 0.6169, Val Loss: 0.5781
Train Acc: 0.7645, Val Acc: 0.7795
Time per sample: 0.000109 seconds
Epoch 82/100
Train Loss: 0.6111, Val Loss: 0.5618
Train Acc: 0.7669, Val Acc: 0.7907
Time per sample: 0.000108 seconds
Best model saved to ./results/HumanActivityRecognition/vit/params_c7f7c9bcf7/best_model.pt
Epoch 83/100
Train Loss: 0.6011, Val Loss: 0.5537
Train Acc: 0.7706, Val Acc: 0.7916
Time per sample: 0.000108 seconds
Best model saved to ./results/HumanActivityRecognition/vit/params_c7f7c9bcf7/best_model.pt
Epoch 84/100
Train Loss: 0.5808, Val Loss: 0.5445
Train Acc: 0.7754, Val Acc: 0.7937
Time per sample: 0.000107 seconds
Best model saved to ./results/HumanActivityRecognition/vit/params_c7f7c9bcf7/best_model.pt
Epoch 85/100
Train Loss: 0.5912, Val Loss: 0.5516
Train Acc: 0.7757, Val Acc: 0.7972
Time per sample: 0.000101 seconds
Epoch 86/100
Train Loss: 0.5781, Val Loss: 0.5329
Train Acc: 0.7769, Val Acc: 0.7996
Time per sample: 0.000099 seconds
Best model saved to ./results/HumanActivityRecognition/vit/params_c7f7c9bcf7/best_model.pt
Epoch 87/100
Train Loss: 0.5683, Val Loss: 0.5314
Train Acc: 0.7795, Val Acc: 0.8025
Time per sample: 0.000102 seconds
Best model saved to ./results/HumanActivityRecognition/vit/params_c7f7c9bcf7/best_model.pt
Epoch 88/100
Train Loss: 0.5583, Val Loss: 0.5235
Train Acc: 0.7851, Val Acc: 0.8046
Time per sample: 0.000103 seconds
Best model saved to ./results/HumanActivityRecognition/vit/params_c7f7c9bcf7/best_model.pt
Epoch 89/100
Train Loss: 0.5477, Val Loss: 0.5169
Train Acc: 0.7906, Val Acc: 0.8028
Time per sample: 0.000102 seconds
Best model saved to ./results/HumanActivityRecognition/vit/params_c7f7c9bcf7/best_model.pt
Epoch 90/100
Train Loss: 0.5535, Val Loss: 0.5140
Train Acc: 0.7871, Val Acc: 0.8075
Time per sample: 0.000108 seconds
Best model saved to ./results/HumanActivityRecognition/vit/params_c7f7c9bcf7/best_model.pt
Epoch 91/100
Train Loss: 0.5313, Val Loss: 0.5100
Train Acc: 0.7965, Val Acc: 0.8105
Time per sample: 0.000107 seconds
Best model saved to ./results/HumanActivityRecognition/vit/params_c7f7c9bcf7/best_model.pt
Epoch 92/100
Train Loss: 0.5219, Val Loss: 0.5073
Train Acc: 0.8024, Val Acc: 0.8046
Time per sample: 0.000107 seconds
Best model saved to ./results/HumanActivityRecognition/vit/params_c7f7c9bcf7/best_model.pt
Epoch 93/100
Train Loss: 0.5187, Val Loss: 0.4975
Train Acc: 0.8048, Val Acc: 0.8131
Time per sample: 0.000108 seconds
Best model saved to ./results/HumanActivityRecognition/vit/params_c7f7c9bcf7/best_model.pt
Epoch 94/100
Train Loss: 0.5141, Val Loss: 0.4916
Train Acc: 0.8043, Val Acc: 0.8164
Time per sample: 0.000108 seconds
Best model saved to ./results/HumanActivityRecognition/vit/params_c7f7c9bcf7/best_model.pt
Epoch 95/100
Train Loss: 0.5056, Val Loss: 0.4825
Train Acc: 0.8052, Val Acc: 0.8223
Time per sample: 0.000107 seconds
Best model saved to ./results/HumanActivityRecognition/vit/params_c7f7c9bcf7/best_model.pt
Epoch 96/100
Train Loss: 0.4914, Val Loss: 0.4972
Train Acc: 0.8111, Val Acc: 0.8190
Time per sample: 0.000108 seconds
Epoch 97/100
Train Loss: 0.4873, Val Loss: 0.4777
Train Acc: 0.8125, Val Acc: 0.8217
Time per sample: 0.000108 seconds
Best model saved to ./results/HumanActivityRecognition/vit/params_c7f7c9bcf7/best_model.pt
Epoch 98/100
Train Loss: 0.4774, Val Loss: 0.4705
Train Acc: 0.8195, Val Acc: 0.8291
Time per sample: 0.000109 seconds
Best model saved to ./results/HumanActivityRecognition/vit/params_c7f7c9bcf7/best_model.pt
Epoch 99/100
Train Loss: 0.4759, Val Loss: 0.4703
Train Acc: 0.8185, Val Acc: 0.8252
Time per sample: 0.000110 seconds
Best model saved to ./results/HumanActivityRecognition/vit/params_c7f7c9bcf7/best_model.pt
Epoch 100/100
Train Loss: 0.4654, Val Loss: 0.4671
Train Acc: 0.8244, Val Acc: 0.8285
Time per sample: 0.000109 seconds
Best model saved to ./results/HumanActivityRecognition/vit/params_c7f7c9bcf7/best_model.pt

Evaluating on test splits:
Evaluating on test_cross_device split:
Predictions shape: (4958,), unique values: [0 1 2 3 4]
Targets shape: (4958,), unique values: [0 1 2 3 4]
Classification report saved to ./results/HumanActivityRecognition/vit/params_c7f7c9bcf7/classification_report_unknown.csv
test_cross_device accuracy: 0.3397, F1-score: 0.3258
Generating confusion matrix for test_cross_device split...
Evaluating on test_cross_env split:
Predictions shape: (5660,), unique values: [0 1 2 3 4]
Targets shape: (5660,), unique values: [0 1 2 3 4]
Classification report saved to ./results/HumanActivityRecognition/vit/params_c7f7c9bcf7/classification_report_unknown.csv
test_cross_env accuracy: 0.3353, F1-score: 0.3328
Generating confusion matrix for test_cross_env split...
Evaluating on test_cross_user split:
Predictions shape: (5967,), unique values: [0 1 2 3 4]
Targets shape: (5967,), unique values: [0 1 2 3 4]
Classification report saved to ./results/HumanActivityRecognition/vit/params_c7f7c9bcf7/classification_report_unknown.csv
test_cross_user accuracy: 0.5308, F1-score: 0.4511
Generating confusion matrix for test_cross_user split...
Evaluating on test split:
Predictions shape: (3400,), unique values: [0 1 2 3 4]
Targets shape: (3400,), unique values: [0 1 2 3 4]
Classification report saved to ./results/HumanActivityRecognition/vit/params_c7f7c9bcf7/classification_report_unknown.csv
test accuracy: 0.8265, F1-score: 0.8227
Generating confusion matrix for test split...
***********************FEW_SHOTFalse

Test Results Summary:
Split                     Accuracy        F1-Score       
-------------------------------------------------------
test_cross_device         0.3397          0.3258         
test_cross_env            0.3353          0.3328         
test_cross_user           0.5308          0.4511         
test                      0.8265          0.8227         

Training and evaluation completed.
Best model from epoch 100, saved to ./results/HumanActivityRecognition/vit/params_c7f7c9bcf7
Results saved to ./results/HumanActivityRecognition/vit/params_c7f7c9bcf7
New best model! Validation accuracy: 0.8285 (previous best: 0.0000)
Supervised learning completed successfully.
Configuration saved to model directory: ./results/HumanActivityRecognition/vit/params_c7f7c9bcf7/supervised_config.json

Model vit training successful
Running time: 83.43 minutes

============================================================
Starting training for model: mlp
============================================================

Running supervised learning: /opt/conda/bin/python /workspace/CSI-Bench-Real-WiFi-Sensing-Benchmark/scripts/train_supervised.py --data_dir="./csi-bench-dataset" --task_name=HumanActivityRecognition --model=mlp --batch_size=128 --epochs=100 --win_len=500 --feature_size=232 --save_dir="./results" --output_dir="./results" --num_workers=0 --use_root_data_path --no_pin_memory --test_splits="all" --learning_rate=0.0001 --weight_decay=1e-05 --warmup_epochs=5 --patience=15
Disabling PyTorch because PyTorch >= 2.4 is required but found 2.1.0
PyTorch was not found. Models won't be available and only tokenizers, configuration and file/data utilities can be used.
Running in local environment
Experiment ID: params_c7f7c9bcf7
Results will be saved to: ./results/HumanActivityRecognition/mlp/params_c7f7c9bcf7
Model checkpoints will be saved to: ./results/HumanActivityRecognition/mlp/params_c7f7c9bcf7
Using device: cuda
********************splits_dir is ./csi-bench-dataset/tasks/HumanActivityRecognition/splits
Available test splits: ['test_cross_device', 'test_cross_env', 'test_cross_user', 'test_id']
Using test splits: ['test_cross_device', 'test_cross_env', 'test_cross_user', 'test_id']
Loading data from ./csi-bench-dataset for task HumanActivityRecognition...
________________________DATA DEBUG________./csi-bench-dataset/tasks/HumanActivityRecognition
Root directory does not contain required subfolders, will try standard paths.
Checking path: ./csi-bench-dataset/tasks/HumanActivityRecognition
  Has metadata: True, Has splits: True
Using task directory: ./csi-bench-dataset/tasks/HumanActivityRecognition

==== Task Directory Contents (./csi-bench-dataset/tasks/HumanActivityRecognition) ====
  Directory: metadata/ (3 items)
    - device_mapping.json
    - label_mapping.json
    - sample_metadata.csv
  Directory: splits/ (6 items)
    - test_cross_device.json
    - test_cross_env.json
    - test_cross_user.json
    - test_id.json
    - train_id.json
    - val_id.json
  Directory: sub_Human/ (6 items)
================================================

Using metadata path: ./csi-bench-dataset/tasks/HumanActivityRecognition/metadata/sample_metadata.csv
Using provided task directory: ./csi-bench-dataset/tasks/HumanActivityRecognition
Using provided task directory: ./csi-bench-dataset/tasks/HumanActivityRecognition
Loaded 15843 samples for HumanActivityRecognition - train_id
Loaded 15843 samples for HumanActivityRecognition - train_id
Using provided task directory: ./csi-bench-dataset/tasks/HumanActivityRecognition
Using provided task directory: ./csi-bench-dataset/tasks/HumanActivityRecognition
Loaded 3393 samples for HumanActivityRecognition - val_id
Loaded 3393 samples for HumanActivityRecognition - val_id
Using provided task directory: ./csi-bench-dataset/tasks/HumanActivityRecognition
Using provided task directory: ./csi-bench-dataset/tasks/HumanActivityRecognition
Loaded 4958 samples for HumanActivityRecognition - test_cross_device
Loaded 4958 samples for HumanActivityRecognition - test_cross_device
Using provided task directory: ./csi-bench-dataset/tasks/HumanActivityRecognition
Using provided task directory: ./csi-bench-dataset/tasks/HumanActivityRecognition
Loaded 5660 samples for HumanActivityRecognition - test_cross_env
Loaded 5660 samples for HumanActivityRecognition - test_cross_env
Using provided task directory: ./csi-bench-dataset/tasks/HumanActivityRecognition
Using provided task directory: ./csi-bench-dataset/tasks/HumanActivityRecognition
Loaded 5967 samples for HumanActivityRecognition - test_cross_user
Loaded 5967 samples for HumanActivityRecognition - test_cross_user
Using provided task directory: ./csi-bench-dataset/tasks/HumanActivityRecognition
Using provided task directory: ./csi-bench-dataset/tasks/HumanActivityRecognition
Loaded 3400 samples for HumanActivityRecognition - test_id
Loaded 3400 samples for HumanActivityRecognition - test_id
Detected 6 classes in the dataset
Loaded 4 test splits: ['test_cross_device', 'test_cross_env', 'test_cross_user', 'test']
Creating MLP model...
Model parameters: 5186950
Starting supervised training phase...
Epoch 1/100
Train Loss: 1.7942, Val Loss: 1.7865
Train Acc: 0.1505, Val Acc: 0.1043
Time per sample: 0.000025 seconds
Best model saved to ./results/HumanActivityRecognition/mlp/params_c7f7c9bcf7/best_model.pt
Epoch 2/100
Train Loss: 1.7891, Val Loss: 1.7774
Train Acc: 0.1673, Val Acc: 0.1910
Time per sample: 0.000018 seconds
Best model saved to ./results/HumanActivityRecognition/mlp/params_c7f7c9bcf7/best_model.pt
Epoch 3/100
Train Loss: 1.7781, Val Loss: 1.7598
Train Acc: 0.2236, Val Acc: 0.3643
Time per sample: 0.000016 seconds
Best model saved to ./results/HumanActivityRecognition/mlp/params_c7f7c9bcf7/best_model.pt
Epoch 4/100
Train Loss: 1.7572, Val Loss: 1.7348
Train Acc: 0.3088, Val Acc: 0.4772
Time per sample: 0.000017 seconds
Best model saved to ./results/HumanActivityRecognition/mlp/params_c7f7c9bcf7/best_model.pt
Epoch 5/100
Train Loss: 1.7314, Val Loss: 1.7036
Train Acc: 0.3974, Val Acc: 0.4990
Time per sample: 0.000017 seconds
Best model saved to ./results/HumanActivityRecognition/mlp/params_c7f7c9bcf7/best_model.pt
Epoch 6/100
Train Loss: 1.6997, Val Loss: 1.6668
Train Acc: 0.4623, Val Acc: 0.5028
Time per sample: 0.000017 seconds
Best model saved to ./results/HumanActivityRecognition/mlp/params_c7f7c9bcf7/best_model.pt
Epoch 7/100
Train Loss: 1.6631, Val Loss: 1.6263
Train Acc: 0.4872, Val Acc: 0.5037
Time per sample: 0.000017 seconds
Best model saved to ./results/HumanActivityRecognition/mlp/params_c7f7c9bcf7/best_model.pt
Epoch 8/100
Train Loss: 1.6247, Val Loss: 1.5852
Train Acc: 0.4973, Val Acc: 0.5040
Time per sample: 0.000017 seconds
Best model saved to ./results/HumanActivityRecognition/mlp/params_c7f7c9bcf7/best_model.pt
Epoch 9/100
Train Loss: 1.5866, Val Loss: 1.5454
Train Acc: 0.4988, Val Acc: 0.5090
Time per sample: 0.000017 seconds
Best model saved to ./results/HumanActivityRecognition/mlp/params_c7f7c9bcf7/best_model.pt
Epoch 10/100
Train Loss: 1.5508, Val Loss: 1.5091
Train Acc: 0.5003, Val Acc: 0.5111
Time per sample: 0.000017 seconds
Best model saved to ./results/HumanActivityRecognition/mlp/params_c7f7c9bcf7/best_model.pt
Epoch 11/100
Train Loss: 1.5173, Val Loss: 1.4775
Train Acc: 0.5020, Val Acc: 0.5111
Time per sample: 0.000016 seconds
Best model saved to ./results/HumanActivityRecognition/mlp/params_c7f7c9bcf7/best_model.pt
Epoch 12/100
Train Loss: 1.4916, Val Loss: 1.4501
Train Acc: 0.5033, Val Acc: 0.5113
Time per sample: 0.000017 seconds
Best model saved to ./results/HumanActivityRecognition/mlp/params_c7f7c9bcf7/best_model.pt
Epoch 13/100
Train Loss: 1.4686, Val Loss: 1.4274
Train Acc: 0.5040, Val Acc: 0.5113
Time per sample: 0.000018 seconds
Best model saved to ./results/HumanActivityRecognition/mlp/params_c7f7c9bcf7/best_model.pt
Epoch 14/100
Train Loss: 1.4466, Val Loss: 1.4081
Train Acc: 0.5046, Val Acc: 0.5119
Time per sample: 0.000017 seconds
Best model saved to ./results/HumanActivityRecognition/mlp/params_c7f7c9bcf7/best_model.pt
Epoch 15/100
Train Loss: 1.4268, Val Loss: 1.3914
Train Acc: 0.5055, Val Acc: 0.5125
Time per sample: 0.000017 seconds
Best model saved to ./results/HumanActivityRecognition/mlp/params_c7f7c9bcf7/best_model.pt
Epoch 16/100
Train Loss: 1.4121, Val Loss: 1.3763
Train Acc: 0.5060, Val Acc: 0.5131
Time per sample: 0.000021 seconds
Best model saved to ./results/HumanActivityRecognition/mlp/params_c7f7c9bcf7/best_model.pt
Epoch 17/100
Train Loss: 1.3982, Val Loss: 1.3626
Train Acc: 0.5063, Val Acc: 0.5152
Time per sample: 0.000020 seconds
Best model saved to ./results/HumanActivityRecognition/mlp/params_c7f7c9bcf7/best_model.pt
Epoch 18/100
Train Loss: 1.3841, Val Loss: 1.3496
Train Acc: 0.5084, Val Acc: 0.5167
Time per sample: 0.000020 seconds
Best model saved to ./results/HumanActivityRecognition/mlp/params_c7f7c9bcf7/best_model.pt
Epoch 19/100
Train Loss: 1.3707, Val Loss: 1.3377
Train Acc: 0.5094, Val Acc: 0.5175
Time per sample: 0.000017 seconds
Best model saved to ./results/HumanActivityRecognition/mlp/params_c7f7c9bcf7/best_model.pt
Epoch 20/100
Train Loss: 1.3585, Val Loss: 1.3260
Train Acc: 0.5100, Val Acc: 0.5187
Time per sample: 0.000016 seconds
Best model saved to ./results/HumanActivityRecognition/mlp/params_c7f7c9bcf7/best_model.pt
Epoch 21/100
Train Loss: 1.3475, Val Loss: 1.3145
Train Acc: 0.5122, Val Acc: 0.5199
Time per sample: 0.000017 seconds
Best model saved to ./results/HumanActivityRecognition/mlp/params_c7f7c9bcf7/best_model.pt
Epoch 22/100
Train Loss: 1.3406, Val Loss: 1.3033
Train Acc: 0.5126, Val Acc: 0.5214
Time per sample: 0.000017 seconds
Best model saved to ./results/HumanActivityRecognition/mlp/params_c7f7c9bcf7/best_model.pt
Epoch 23/100
Train Loss: 1.3252, Val Loss: 1.2923
Train Acc: 0.5147, Val Acc: 0.5231
Time per sample: 0.000018 seconds
Best model saved to ./results/HumanActivityRecognition/mlp/params_c7f7c9bcf7/best_model.pt
Epoch 24/100
Train Loss: 1.3143, Val Loss: 1.2812
Train Acc: 0.5161, Val Acc: 0.5228
Time per sample: 0.000017 seconds
Best model saved to ./results/HumanActivityRecognition/mlp/params_c7f7c9bcf7/best_model.pt
Epoch 25/100
Train Loss: 1.3055, Val Loss: 1.2704
Train Acc: 0.5176, Val Acc: 0.5249
Time per sample: 0.000019 seconds
Best model saved to ./results/HumanActivityRecognition/mlp/params_c7f7c9bcf7/best_model.pt
Epoch 26/100
Train Loss: 1.2934, Val Loss: 1.2599
Train Acc: 0.5192, Val Acc: 0.5290
Time per sample: 0.000016 seconds
Best model saved to ./results/HumanActivityRecognition/mlp/params_c7f7c9bcf7/best_model.pt
Epoch 27/100
Train Loss: 1.2821, Val Loss: 1.2492
Train Acc: 0.5216, Val Acc: 0.5293
Time per sample: 0.000016 seconds
Best model saved to ./results/HumanActivityRecognition/mlp/params_c7f7c9bcf7/best_model.pt
Epoch 28/100
Train Loss: 1.2733, Val Loss: 1.2383
Train Acc: 0.5245, Val Acc: 0.5335
Time per sample: 0.000017 seconds
Best model saved to ./results/HumanActivityRecognition/mlp/params_c7f7c9bcf7/best_model.pt
Epoch 29/100
Train Loss: 1.2600, Val Loss: 1.2275
Train Acc: 0.5282, Val Acc: 0.5349
Time per sample: 0.000017 seconds
Best model saved to ./results/HumanActivityRecognition/mlp/params_c7f7c9bcf7/best_model.pt
Epoch 30/100
Train Loss: 1.2529, Val Loss: 1.2169
Train Acc: 0.5274, Val Acc: 0.5358
Time per sample: 0.000017 seconds
Best model saved to ./results/HumanActivityRecognition/mlp/params_c7f7c9bcf7/best_model.pt
Epoch 31/100
Train Loss: 1.2401, Val Loss: 1.2064
Train Acc: 0.5301, Val Acc: 0.5423
Time per sample: 0.000017 seconds
Best model saved to ./results/HumanActivityRecognition/mlp/params_c7f7c9bcf7/best_model.pt
Epoch 32/100
Train Loss: 1.2256, Val Loss: 1.1949
Train Acc: 0.5363, Val Acc: 0.5449
Time per sample: 0.000017 seconds
Best model saved to ./results/HumanActivityRecognition/mlp/params_c7f7c9bcf7/best_model.pt
Epoch 33/100
Train Loss: 1.2143, Val Loss: 1.1838
Train Acc: 0.5377, Val Acc: 0.5511
Time per sample: 0.000017 seconds
Best model saved to ./results/HumanActivityRecognition/mlp/params_c7f7c9bcf7/best_model.pt
Epoch 34/100
Train Loss: 1.2060, Val Loss: 1.1732
Train Acc: 0.5410, Val Acc: 0.5508
Time per sample: 0.000017 seconds
Best model saved to ./results/HumanActivityRecognition/mlp/params_c7f7c9bcf7/best_model.pt
Epoch 35/100
Train Loss: 1.1945, Val Loss: 1.1620
Train Acc: 0.5463, Val Acc: 0.5567
Time per sample: 0.000017 seconds
Best model saved to ./results/HumanActivityRecognition/mlp/params_c7f7c9bcf7/best_model.pt
Epoch 36/100
Train Loss: 1.1814, Val Loss: 1.1506
Train Acc: 0.5497, Val Acc: 0.5612
Time per sample: 0.000017 seconds
Best model saved to ./results/HumanActivityRecognition/mlp/params_c7f7c9bcf7/best_model.pt
Epoch 37/100
Train Loss: 1.1674, Val Loss: 1.1396
Train Acc: 0.5541, Val Acc: 0.5670
Time per sample: 0.000017 seconds
Best model saved to ./results/HumanActivityRecognition/mlp/params_c7f7c9bcf7/best_model.pt
Epoch 38/100
Train Loss: 1.1547, Val Loss: 1.1279
Train Acc: 0.5590, Val Acc: 0.5665
Time per sample: 0.000016 seconds
Best model saved to ./results/HumanActivityRecognition/mlp/params_c7f7c9bcf7/best_model.pt
Epoch 39/100
Train Loss: 1.1427, Val Loss: 1.1161
Train Acc: 0.5629, Val Acc: 0.5747
Time per sample: 0.000016 seconds
Best model saved to ./results/HumanActivityRecognition/mlp/params_c7f7c9bcf7/best_model.pt
Epoch 40/100
Train Loss: 1.1330, Val Loss: 1.1047
Train Acc: 0.5626, Val Acc: 0.5765
Time per sample: 0.000017 seconds
Best model saved to ./results/HumanActivityRecognition/mlp/params_c7f7c9bcf7/best_model.pt
Epoch 41/100
Train Loss: 1.1193, Val Loss: 1.0930
Train Acc: 0.5709, Val Acc: 0.5847
Time per sample: 0.000016 seconds
Best model saved to ./results/HumanActivityRecognition/mlp/params_c7f7c9bcf7/best_model.pt
Epoch 42/100
Train Loss: 1.1089, Val Loss: 1.0818
Train Acc: 0.5763, Val Acc: 0.5874
Time per sample: 0.000017 seconds
Best model saved to ./results/HumanActivityRecognition/mlp/params_c7f7c9bcf7/best_model.pt
Epoch 43/100
Train Loss: 1.0975, Val Loss: 1.0707
Train Acc: 0.5815, Val Acc: 0.5889
Time per sample: 0.000016 seconds
Best model saved to ./results/HumanActivityRecognition/mlp/params_c7f7c9bcf7/best_model.pt
Epoch 44/100
Train Loss: 1.0814, Val Loss: 1.0596
Train Acc: 0.5861, Val Acc: 0.5971
Time per sample: 0.000017 seconds
Best model saved to ./results/HumanActivityRecognition/mlp/params_c7f7c9bcf7/best_model.pt
Epoch 45/100
Train Loss: 1.0688, Val Loss: 1.0473
Train Acc: 0.5905, Val Acc: 0.5965
Time per sample: 0.000019 seconds
Best model saved to ./results/HumanActivityRecognition/mlp/params_c7f7c9bcf7/best_model.pt
Epoch 46/100
Train Loss: 1.0566, Val Loss: 1.0359
Train Acc: 0.5982, Val Acc: 0.5962
Time per sample: 0.000019 seconds
Best model saved to ./results/HumanActivityRecognition/mlp/params_c7f7c9bcf7/best_model.pt
Epoch 47/100
Train Loss: 1.0447, Val Loss: 1.0241
Train Acc: 0.6005, Val Acc: 0.6077
Time per sample: 0.000018 seconds
Best model saved to ./results/HumanActivityRecognition/mlp/params_c7f7c9bcf7/best_model.pt
Epoch 48/100
Train Loss: 1.0336, Val Loss: 1.0134
Train Acc: 0.6054, Val Acc: 0.6110
Time per sample: 0.000018 seconds
Best model saved to ./results/HumanActivityRecognition/mlp/params_c7f7c9bcf7/best_model.pt
Epoch 49/100
Train Loss: 1.0150, Val Loss: 1.0018
Train Acc: 0.6128, Val Acc: 0.6148
Time per sample: 0.000022 seconds
Best model saved to ./results/HumanActivityRecognition/mlp/params_c7f7c9bcf7/best_model.pt
Epoch 50/100
Train Loss: 1.0025, Val Loss: 0.9897
Train Acc: 0.6183, Val Acc: 0.6225
Time per sample: 0.000022 seconds
Best model saved to ./results/HumanActivityRecognition/mlp/params_c7f7c9bcf7/best_model.pt
Epoch 51/100
Train Loss: 0.9944, Val Loss: 0.9777
Train Acc: 0.6238, Val Acc: 0.6286
Time per sample: 0.000021 seconds
Best model saved to ./results/HumanActivityRecognition/mlp/params_c7f7c9bcf7/best_model.pt
Epoch 52/100
Train Loss: 0.9805, Val Loss: 0.9667
Train Acc: 0.6329, Val Acc: 0.6322
Time per sample: 0.000021 seconds
Best model saved to ./results/HumanActivityRecognition/mlp/params_c7f7c9bcf7/best_model.pt
Epoch 53/100
Train Loss: 0.9635, Val Loss: 0.9567
Train Acc: 0.6401, Val Acc: 0.6354
Time per sample: 0.000021 seconds
Best model saved to ./results/HumanActivityRecognition/mlp/params_c7f7c9bcf7/best_model.pt
Epoch 54/100
Train Loss: 0.9521, Val Loss: 0.9452
Train Acc: 0.6444, Val Acc: 0.6416
Time per sample: 0.000017 seconds
Best model saved to ./results/HumanActivityRecognition/mlp/params_c7f7c9bcf7/best_model.pt
Epoch 55/100
Train Loss: 0.9406, Val Loss: 0.9342
Train Acc: 0.6475, Val Acc: 0.6431
Time per sample: 0.000017 seconds
Best model saved to ./results/HumanActivityRecognition/mlp/params_c7f7c9bcf7/best_model.pt
Epoch 56/100
Train Loss: 0.9298, Val Loss: 0.9236
Train Acc: 0.6540, Val Acc: 0.6543
Time per sample: 0.000017 seconds
Best model saved to ./results/HumanActivityRecognition/mlp/params_c7f7c9bcf7/best_model.pt
Epoch 57/100
Train Loss: 0.9160, Val Loss: 0.9128
Train Acc: 0.6573, Val Acc: 0.6558
Time per sample: 0.000017 seconds
Best model saved to ./results/HumanActivityRecognition/mlp/params_c7f7c9bcf7/best_model.pt
Epoch 58/100
Train Loss: 0.9028, Val Loss: 0.9026
Train Acc: 0.6624, Val Acc: 0.6631
Time per sample: 0.000016 seconds
Best model saved to ./results/HumanActivityRecognition/mlp/params_c7f7c9bcf7/best_model.pt
Epoch 59/100
Train Loss: 0.8874, Val Loss: 0.8915
Train Acc: 0.6724, Val Acc: 0.6652
Time per sample: 0.000016 seconds
Best model saved to ./results/HumanActivityRecognition/mlp/params_c7f7c9bcf7/best_model.pt
Epoch 60/100
Train Loss: 0.8812, Val Loss: 0.8827
Train Acc: 0.6710, Val Acc: 0.6720
Time per sample: 0.000016 seconds
Best model saved to ./results/HumanActivityRecognition/mlp/params_c7f7c9bcf7/best_model.pt
Epoch 61/100
Train Loss: 0.8649, Val Loss: 0.8731
Train Acc: 0.6802, Val Acc: 0.6773
Time per sample: 0.000016 seconds
Best model saved to ./results/HumanActivityRecognition/mlp/params_c7f7c9bcf7/best_model.pt
Epoch 62/100
Train Loss: 0.8514, Val Loss: 0.8630
Train Acc: 0.6853, Val Acc: 0.6838
Time per sample: 0.000016 seconds
Best model saved to ./results/HumanActivityRecognition/mlp/params_c7f7c9bcf7/best_model.pt
Epoch 63/100
Train Loss: 0.8385, Val Loss: 0.8515
Train Acc: 0.6925, Val Acc: 0.6967
Time per sample: 0.000017 seconds
Best model saved to ./results/HumanActivityRecognition/mlp/params_c7f7c9bcf7/best_model.pt
Epoch 64/100
Train Loss: 0.8266, Val Loss: 0.8424
Train Acc: 0.7004, Val Acc: 0.6947
Time per sample: 0.000017 seconds
Best model saved to ./results/HumanActivityRecognition/mlp/params_c7f7c9bcf7/best_model.pt
Epoch 65/100
Train Loss: 0.8138, Val Loss: 0.8316
Train Acc: 0.7009, Val Acc: 0.7097
Time per sample: 0.000017 seconds
Best model saved to ./results/HumanActivityRecognition/mlp/params_c7f7c9bcf7/best_model.pt
Epoch 66/100
Train Loss: 0.8030, Val Loss: 0.8235
Train Acc: 0.7095, Val Acc: 0.7100
Time per sample: 0.000017 seconds
Best model saved to ./results/HumanActivityRecognition/mlp/params_c7f7c9bcf7/best_model.pt
Epoch 67/100
Train Loss: 0.7906, Val Loss: 0.8141
Train Acc: 0.7120, Val Acc: 0.7132
Time per sample: 0.000017 seconds
Best model saved to ./results/HumanActivityRecognition/mlp/params_c7f7c9bcf7/best_model.pt
Epoch 68/100
Train Loss: 0.7799, Val Loss: 0.8044
Train Acc: 0.7116, Val Acc: 0.7185
Time per sample: 0.000017 seconds
Best model saved to ./results/HumanActivityRecognition/mlp/params_c7f7c9bcf7/best_model.pt
Epoch 69/100
Train Loss: 0.7748, Val Loss: 0.7941
Train Acc: 0.7189, Val Acc: 0.7271
Time per sample: 0.000017 seconds
Best model saved to ./results/HumanActivityRecognition/mlp/params_c7f7c9bcf7/best_model.pt
Epoch 70/100
Train Loss: 0.7602, Val Loss: 0.7895
Train Acc: 0.7276, Val Acc: 0.7230
Time per sample: 0.000017 seconds
Best model saved to ./results/HumanActivityRecognition/mlp/params_c7f7c9bcf7/best_model.pt
Epoch 71/100
Train Loss: 0.7521, Val Loss: 0.7810
Train Acc: 0.7274, Val Acc: 0.7283
Time per sample: 0.000020 seconds
Best model saved to ./results/HumanActivityRecognition/mlp/params_c7f7c9bcf7/best_model.pt
Epoch 72/100
Train Loss: 0.7355, Val Loss: 0.7714
Train Acc: 0.7321, Val Acc: 0.7353
Time per sample: 0.000020 seconds
Best model saved to ./results/HumanActivityRecognition/mlp/params_c7f7c9bcf7/best_model.pt
Epoch 73/100
Train Loss: 0.7264, Val Loss: 0.7635
Train Acc: 0.7377, Val Acc: 0.7380
Time per sample: 0.000017 seconds
Best model saved to ./results/HumanActivityRecognition/mlp/params_c7f7c9bcf7/best_model.pt
Epoch 74/100
Train Loss: 0.7179, Val Loss: 0.7541
Train Acc: 0.7405, Val Acc: 0.7433
Time per sample: 0.000020 seconds
Best model saved to ./results/HumanActivityRecognition/mlp/params_c7f7c9bcf7/best_model.pt
Epoch 75/100
Train Loss: 0.7034, Val Loss: 0.7476
Train Acc: 0.7460, Val Acc: 0.7415
Time per sample: 0.000021 seconds
Best model saved to ./results/HumanActivityRecognition/mlp/params_c7f7c9bcf7/best_model.pt
Epoch 76/100
Train Loss: 0.6943, Val Loss: 0.7417
Train Acc: 0.7527, Val Acc: 0.7495
Time per sample: 0.000020 seconds
Best model saved to ./results/HumanActivityRecognition/mlp/params_c7f7c9bcf7/best_model.pt
Epoch 77/100
Train Loss: 0.6824, Val Loss: 0.7309
Train Acc: 0.7554, Val Acc: 0.7551
Time per sample: 0.000020 seconds
Best model saved to ./results/HumanActivityRecognition/mlp/params_c7f7c9bcf7/best_model.pt
Epoch 78/100
Train Loss: 0.6728, Val Loss: 0.7245
Train Acc: 0.7637, Val Acc: 0.7495
Time per sample: 0.000020 seconds
Best model saved to ./results/HumanActivityRecognition/mlp/params_c7f7c9bcf7/best_model.pt
Epoch 79/100
Train Loss: 0.6650, Val Loss: 0.7195
Train Acc: 0.7617, Val Acc: 0.7651
Time per sample: 0.000019 seconds
Best model saved to ./results/HumanActivityRecognition/mlp/params_c7f7c9bcf7/best_model.pt
Epoch 80/100
Train Loss: 0.6547, Val Loss: 0.7128
Train Acc: 0.7708, Val Acc: 0.7604
Time per sample: 0.000020 seconds
Best model saved to ./results/HumanActivityRecognition/mlp/params_c7f7c9bcf7/best_model.pt
Epoch 81/100
Train Loss: 0.6459, Val Loss: 0.7064
Train Acc: 0.7684, Val Acc: 0.7566
Time per sample: 0.000021 seconds
Best model saved to ./results/HumanActivityRecognition/mlp/params_c7f7c9bcf7/best_model.pt
Epoch 82/100
Train Loss: 0.6364, Val Loss: 0.6984
Train Acc: 0.7764, Val Acc: 0.7725
Time per sample: 0.000018 seconds
Best model saved to ./results/HumanActivityRecognition/mlp/params_c7f7c9bcf7/best_model.pt
Epoch 83/100
Train Loss: 0.6272, Val Loss: 0.6937
Train Acc: 0.7780, Val Acc: 0.7636
Time per sample: 0.000016 seconds
Best model saved to ./results/HumanActivityRecognition/mlp/params_c7f7c9bcf7/best_model.pt
Epoch 84/100
Train Loss: 0.6163, Val Loss: 0.6842
Train Acc: 0.7795, Val Acc: 0.7772
Time per sample: 0.000017 seconds
Best model saved to ./results/HumanActivityRecognition/mlp/params_c7f7c9bcf7/best_model.pt
Epoch 85/100
Train Loss: 0.6101, Val Loss: 0.6794
Train Acc: 0.7856, Val Acc: 0.7757
Time per sample: 0.000017 seconds
Best model saved to ./results/HumanActivityRecognition/mlp/params_c7f7c9bcf7/best_model.pt
Epoch 86/100
Train Loss: 0.5950, Val Loss: 0.6728
Train Acc: 0.7919, Val Acc: 0.7769
Time per sample: 0.000018 seconds
Best model saved to ./results/HumanActivityRecognition/mlp/params_c7f7c9bcf7/best_model.pt
Epoch 87/100
Train Loss: 0.5886, Val Loss: 0.6689
Train Acc: 0.7948, Val Acc: 0.7810
Time per sample: 0.000017 seconds
Best model saved to ./results/HumanActivityRecognition/mlp/params_c7f7c9bcf7/best_model.pt
Epoch 88/100
Train Loss: 0.5820, Val Loss: 0.6594
Train Acc: 0.7971, Val Acc: 0.7884
Time per sample: 0.000017 seconds
Best model saved to ./results/HumanActivityRecognition/mlp/params_c7f7c9bcf7/best_model.pt
Epoch 89/100
Train Loss: 0.5700, Val Loss: 0.6513
Train Acc: 0.8007, Val Acc: 0.7907
Time per sample: 0.000017 seconds
Best model saved to ./results/HumanActivityRecognition/mlp/params_c7f7c9bcf7/best_model.pt
Epoch 90/100
Train Loss: 0.5587, Val Loss: 0.6494
Train Acc: 0.8057, Val Acc: 0.7849
Time per sample: 0.000016 seconds
Best model saved to ./results/HumanActivityRecognition/mlp/params_c7f7c9bcf7/best_model.pt
Epoch 91/100
Train Loss: 0.5573, Val Loss: 0.6427
Train Acc: 0.8020, Val Acc: 0.7937
Time per sample: 0.000016 seconds
Best model saved to ./results/HumanActivityRecognition/mlp/params_c7f7c9bcf7/best_model.pt
Epoch 92/100
Train Loss: 0.5501, Val Loss: 0.6353
Train Acc: 0.8071, Val Acc: 0.7919
Time per sample: 0.000017 seconds
Best model saved to ./results/HumanActivityRecognition/mlp/params_c7f7c9bcf7/best_model.pt
Epoch 93/100
Train Loss: 0.5413, Val Loss: 0.6343
Train Acc: 0.8108, Val Acc: 0.7978
Time per sample: 0.000017 seconds
Best model saved to ./results/HumanActivityRecognition/mlp/params_c7f7c9bcf7/best_model.pt
Epoch 94/100
Train Loss: 0.5350, Val Loss: 0.6357
Train Acc: 0.8158, Val Acc: 0.7981
Time per sample: 0.000018 seconds
Epoch 95/100
Train Loss: 0.5269, Val Loss: 0.6280
Train Acc: 0.8195, Val Acc: 0.7993
Time per sample: 0.000018 seconds
Best model saved to ./results/HumanActivityRecognition/mlp/params_c7f7c9bcf7/best_model.pt
Epoch 96/100
Train Loss: 0.5096, Val Loss: 0.6196
Train Acc: 0.8303, Val Acc: 0.7946
Time per sample: 0.000018 seconds
Best model saved to ./results/HumanActivityRecognition/mlp/params_c7f7c9bcf7/best_model.pt
Epoch 97/100
Train Loss: 0.5076, Val Loss: 0.6146
Train Acc: 0.8243, Val Acc: 0.8005
Time per sample: 0.000021 seconds
Best model saved to ./results/HumanActivityRecognition/mlp/params_c7f7c9bcf7/best_model.pt
Epoch 98/100
Train Loss: 0.5012, Val Loss: 0.6106
Train Acc: 0.8271, Val Acc: 0.8046
Time per sample: 0.000020 seconds
Best model saved to ./results/HumanActivityRecognition/mlp/params_c7f7c9bcf7/best_model.pt
Epoch 99/100
Train Loss: 0.4938, Val Loss: 0.6077
Train Acc: 0.8310, Val Acc: 0.8049
Time per sample: 0.000020 seconds
Best model saved to ./results/HumanActivityRecognition/mlp/params_c7f7c9bcf7/best_model.pt
Epoch 100/100
Train Loss: 0.4815, Val Loss: 0.6053
Train Acc: 0.8342, Val Acc: 0.8075
Time per sample: 0.000018 seconds
Best model saved to ./results/HumanActivityRecognition/mlp/params_c7f7c9bcf7/best_model.pt

Evaluating on test splits:
Evaluating on test_cross_device split:
Predictions shape: (4958,), unique values: [0 1 2 3 4]
Targets shape: (4958,), unique values: [0 1 2 3 4]
Classification report saved to ./results/HumanActivityRecognition/mlp/params_c7f7c9bcf7/classification_report_unknown.csv
test_cross_device accuracy: 0.4143, F1-score: 0.3536
Generating confusion matrix for test_cross_device split...
Evaluating on test_cross_env split:
Predictions shape: (5660,), unique values: [0 1 2 3 4]
Targets shape: (5660,), unique values: [0 1 2 3 4]
Classification report saved to ./results/HumanActivityRecognition/mlp/params_c7f7c9bcf7/classification_report_unknown.csv
test_cross_env accuracy: 0.3859, F1-score: 0.3563
Generating confusion matrix for test_cross_env split...
Evaluating on test_cross_user split:
Predictions shape: (5967,), unique values: [0 1 2 3 4]
Targets shape: (5967,), unique values: [0 1 2 3 4]
Classification report saved to ./results/HumanActivityRecognition/mlp/params_c7f7c9bcf7/classification_report_unknown.csv
test_cross_user accuracy: 0.4634, F1-score: 0.3893
Generating confusion matrix for test_cross_user split...
Evaluating on test split:
Predictions shape: (3400,), unique values: [0 1 2 3 4]
Targets shape: (3400,), unique values: [0 1 2 3 4]
Classification report saved to ./results/HumanActivityRecognition/mlp/params_c7f7c9bcf7/classification_report_unknown.csv
test accuracy: 0.8035, F1-score: 0.7928
Generating confusion matrix for test split...
***********************FEW_SHOTFalse

Test Results Summary:
Split                     Accuracy        F1-Score       
-------------------------------------------------------
test_cross_device         0.4143          0.3536         
test_cross_env            0.3859          0.3563         
test_cross_user           0.4634          0.3893         
test                      0.8035          0.7928         

Training and evaluation completed.
Best model from epoch 100, saved to ./results/HumanActivityRecognition/mlp/params_c7f7c9bcf7
Results saved to ./results/HumanActivityRecognition/mlp/params_c7f7c9bcf7
New best model! Validation accuracy: 0.8075 (previous best: 0.0000)
Supervised learning completed successfully.
Configuration saved to model directory: ./results/HumanActivityRecognition/mlp/params_c7f7c9bcf7/supervised_config.json

Model mlp training successful
Running time: 81.42 minutes

============================================================
Starting training for model: lstm
============================================================

Running supervised learning: /opt/conda/bin/python /workspace/CSI-Bench-Real-WiFi-Sensing-Benchmark/scripts/train_supervised.py --data_dir="./csi-bench-dataset" --task_name=HumanActivityRecognition --model=lstm --batch_size=128 --epochs=100 --win_len=500 --feature_size=232 --save_dir="./results" --output_dir="./results" --num_workers=0 --use_root_data_path --no_pin_memory --test_splits="all" --learning_rate=0.0001 --weight_decay=1e-05 --warmup_epochs=5 --patience=15
Disabling PyTorch because PyTorch >= 2.4 is required but found 2.1.0
PyTorch was not found. Models won't be available and only tokenizers, configuration and file/data utilities can be used.
Running in local environment
Experiment ID: params_c7f7c9bcf7
Results will be saved to: ./results/HumanActivityRecognition/lstm/params_c7f7c9bcf7
Model checkpoints will be saved to: ./results/HumanActivityRecognition/lstm/params_c7f7c9bcf7
Using device: cuda
********************splits_dir is ./csi-bench-dataset/tasks/HumanActivityRecognition/splits
Available test splits: ['test_cross_device', 'test_cross_env', 'test_cross_user', 'test_id']
Using test splits: ['test_cross_device', 'test_cross_env', 'test_cross_user', 'test_id']
Loading data from ./csi-bench-dataset for task HumanActivityRecognition...
________________________DATA DEBUG________./csi-bench-dataset/tasks/HumanActivityRecognition
Root directory does not contain required subfolders, will try standard paths.
Checking path: ./csi-bench-dataset/tasks/HumanActivityRecognition
  Has metadata: True, Has splits: True
Using task directory: ./csi-bench-dataset/tasks/HumanActivityRecognition

==== Task Directory Contents (./csi-bench-dataset/tasks/HumanActivityRecognition) ====
  Directory: metadata/ (3 items)
    - device_mapping.json
    - label_mapping.json
    - sample_metadata.csv
  Directory: splits/ (6 items)
    - test_cross_device.json
    - test_cross_env.json
    - test_cross_user.json
    - test_id.json
    - train_id.json
    - val_id.json
  Directory: sub_Human/ (6 items)
================================================

Using metadata path: ./csi-bench-dataset/tasks/HumanActivityRecognition/metadata/sample_metadata.csv
Using provided task directory: ./csi-bench-dataset/tasks/HumanActivityRecognition
Using provided task directory: ./csi-bench-dataset/tasks/HumanActivityRecognition
Loaded 15843 samples for HumanActivityRecognition - train_id
Loaded 15843 samples for HumanActivityRecognition - train_id
Using provided task directory: ./csi-bench-dataset/tasks/HumanActivityRecognition
Using provided task directory: ./csi-bench-dataset/tasks/HumanActivityRecognition
Loaded 3393 samples for HumanActivityRecognition - val_id
Loaded 3393 samples for HumanActivityRecognition - val_id
Using provided task directory: ./csi-bench-dataset/tasks/HumanActivityRecognition
Using provided task directory: ./csi-bench-dataset/tasks/HumanActivityRecognition
Loaded 4958 samples for HumanActivityRecognition - test_cross_device
Loaded 4958 samples for HumanActivityRecognition - test_cross_device
Using provided task directory: ./csi-bench-dataset/tasks/HumanActivityRecognition
Using provided task directory: ./csi-bench-dataset/tasks/HumanActivityRecognition
Loaded 5660 samples for HumanActivityRecognition - test_cross_env
Loaded 5660 samples for HumanActivityRecognition - test_cross_env
Using provided task directory: ./csi-bench-dataset/tasks/HumanActivityRecognition
Using provided task directory: ./csi-bench-dataset/tasks/HumanActivityRecognition
Loaded 5967 samples for HumanActivityRecognition - test_cross_user
Loaded 5967 samples for HumanActivityRecognition - test_cross_user
Using provided task directory: ./csi-bench-dataset/tasks/HumanActivityRecognition
Using provided task directory: ./csi-bench-dataset/tasks/HumanActivityRecognition
Loaded 3400 samples for HumanActivityRecognition - test_id
Loaded 3400 samples for HumanActivityRecognition - test_id
Detected 6 classes in the dataset
Loaded 4 test splits: ['test_cross_device', 'test_cross_env', 'test_cross_user', 'test']
Creating LSTM model...
Model parameters: 2713350
Starting supervised training phase...
Epoch 1/100
Train Loss: 1.7907, Val Loss: 1.7907
Train Acc: 0.1371, Val Acc: 0.1362
Time per sample: 0.000335 seconds
Best model saved to ./results/HumanActivityRecognition/lstm/params_c7f7c9bcf7/best_model.pt
Epoch 2/100
Train Loss: 1.7902, Val Loss: 1.7900
Train Acc: 0.1370, Val Acc: 0.1362
Time per sample: 0.000330 seconds
Best model saved to ./results/HumanActivityRecognition/lstm/params_c7f7c9bcf7/best_model.pt
Epoch 3/100
Train Loss: 1.7893, Val Loss: 1.7887
Train Acc: 0.1371, Val Acc: 0.1365
Time per sample: 0.000329 seconds
Best model saved to ./results/HumanActivityRecognition/lstm/params_c7f7c9bcf7/best_model.pt
Epoch 4/100
Train Loss: 1.7877, Val Loss: 1.7867
Train Acc: 0.1374, Val Acc: 0.1368
Time per sample: 0.000332 seconds
Best model saved to ./results/HumanActivityRecognition/lstm/params_c7f7c9bcf7/best_model.pt
Epoch 5/100
Train Loss: 1.7856, Val Loss: 1.7840
Train Acc: 0.1367, Val Acc: 0.1368
Time per sample: 0.000330 seconds
Best model saved to ./results/HumanActivityRecognition/lstm/params_c7f7c9bcf7/best_model.pt
Epoch 6/100
Train Loss: 1.7826, Val Loss: 1.7806
Train Acc: 0.1379, Val Acc: 0.1368
Time per sample: 0.000331 seconds
Best model saved to ./results/HumanActivityRecognition/lstm/params_c7f7c9bcf7/best_model.pt
Epoch 7/100
Train Loss: 1.7789, Val Loss: 1.7765
Train Acc: 0.1380, Val Acc: 0.1365
Time per sample: 0.000331 seconds
Best model saved to ./results/HumanActivityRecognition/lstm/params_c7f7c9bcf7/best_model.pt
Epoch 8/100
Train Loss: 1.7746, Val Loss: 1.7716
Train Acc: 0.1384, Val Acc: 0.1368
Time per sample: 0.000332 seconds
Best model saved to ./results/HumanActivityRecognition/lstm/params_c7f7c9bcf7/best_model.pt
Epoch 9/100
Train Loss: 1.7690, Val Loss: 1.7655
Train Acc: 0.1411, Val Acc: 0.1382
Time per sample: 0.000331 seconds
Best model saved to ./results/HumanActivityRecognition/lstm/params_c7f7c9bcf7/best_model.pt
Epoch 10/100
Train Loss: 1.7626, Val Loss: 1.7580
Train Acc: 0.1553, Val Acc: 0.1577
Time per sample: 0.000331 seconds
Best model saved to ./results/HumanActivityRecognition/lstm/params_c7f7c9bcf7/best_model.pt
Epoch 11/100
Train Loss: 1.7544, Val Loss: 1.7484
Train Acc: 0.2080, Val Acc: 0.2632
Time per sample: 0.000330 seconds
Best model saved to ./results/HumanActivityRecognition/lstm/params_c7f7c9bcf7/best_model.pt
Epoch 12/100
Train Loss: 1.7438, Val Loss: 1.7357
Train Acc: 0.3296, Val Acc: 0.4315
Time per sample: 0.000326 seconds
Best model saved to ./results/HumanActivityRecognition/lstm/params_c7f7c9bcf7/best_model.pt
Epoch 13/100
Train Loss: 1.7292, Val Loss: 1.7179
Train Acc: 0.4445, Val Acc: 0.5025
Time per sample: 0.000331 seconds
Best model saved to ./results/HumanActivityRecognition/lstm/params_c7f7c9bcf7/best_model.pt
Epoch 14/100
Train Loss: 1.7082, Val Loss: 1.6918
Train Acc: 0.4922, Val Acc: 0.5052
Time per sample: 0.000328 seconds
Best model saved to ./results/HumanActivityRecognition/lstm/params_c7f7c9bcf7/best_model.pt
Epoch 15/100
Train Loss: 1.6763, Val Loss: 1.6510
Train Acc: 0.5001, Val Acc: 0.5055
Time per sample: 0.000331 seconds
Best model saved to ./results/HumanActivityRecognition/lstm/params_c7f7c9bcf7/best_model.pt
Epoch 16/100
Train Loss: 1.6254, Val Loss: 1.5849
Train Acc: 0.4999, Val Acc: 0.5055
Time per sample: 0.000331 seconds
Best model saved to ./results/HumanActivityRecognition/lstm/params_c7f7c9bcf7/best_model.pt
Epoch 17/100
Train Loss: 1.5487, Val Loss: 1.4966
Train Acc: 0.4998, Val Acc: 0.5055
Time per sample: 0.000327 seconds
Best model saved to ./results/HumanActivityRecognition/lstm/params_c7f7c9bcf7/best_model.pt
Epoch 18/100
Train Loss: 1.4732, Val Loss: 1.4381
Train Acc: 0.5013, Val Acc: 0.5105
Time per sample: 0.000332 seconds
Best model saved to ./results/HumanActivityRecognition/lstm/params_c7f7c9bcf7/best_model.pt
Epoch 19/100
Train Loss: 1.4357, Val Loss: 1.4124
Train Acc: 0.5037, Val Acc: 0.5113
Time per sample: 0.000331 seconds
Best model saved to ./results/HumanActivityRecognition/lstm/params_c7f7c9bcf7/best_model.pt
Epoch 20/100
Train Loss: 1.4166, Val Loss: 1.3966
Train Acc: 0.5039, Val Acc: 0.5113
Time per sample: 0.000325 seconds
Best model saved to ./results/HumanActivityRecognition/lstm/params_c7f7c9bcf7/best_model.pt
Epoch 21/100
Train Loss: 1.4032, Val Loss: 1.3856
Train Acc: 0.5038, Val Acc: 0.5113
Time per sample: 0.000326 seconds
Best model saved to ./results/HumanActivityRecognition/lstm/params_c7f7c9bcf7/best_model.pt
Epoch 22/100
Train Loss: 1.3940, Val Loss: 1.3770
Train Acc: 0.5038, Val Acc: 0.5113
Time per sample: 0.000333 seconds
Best model saved to ./results/HumanActivityRecognition/lstm/params_c7f7c9bcf7/best_model.pt
Epoch 23/100
Train Loss: 1.3863, Val Loss: 1.3699
Train Acc: 0.5038, Val Acc: 0.5113
Time per sample: 0.000324 seconds
Best model saved to ./results/HumanActivityRecognition/lstm/params_c7f7c9bcf7/best_model.pt
Epoch 24/100
Train Loss: 1.3794, Val Loss: 1.3640
Train Acc: 0.5038, Val Acc: 0.5113
Time per sample: 0.000326 seconds
Best model saved to ./results/HumanActivityRecognition/lstm/params_c7f7c9bcf7/best_model.pt
Epoch 25/100
Train Loss: 1.3752, Val Loss: 1.3587
Train Acc: 0.5038, Val Acc: 0.5113
Time per sample: 0.000332 seconds
Best model saved to ./results/HumanActivityRecognition/lstm/params_c7f7c9bcf7/best_model.pt
Epoch 26/100
Train Loss: 1.3682, Val Loss: 1.3542
Train Acc: 0.5038, Val Acc: 0.5113
Time per sample: 0.000329 seconds
Best model saved to ./results/HumanActivityRecognition/lstm/params_c7f7c9bcf7/best_model.pt
Epoch 27/100
Train Loss: 1.3634, Val Loss: 1.3496
Train Acc: 0.5038, Val Acc: 0.5113
Time per sample: 0.000327 seconds
Best model saved to ./results/HumanActivityRecognition/lstm/params_c7f7c9bcf7/best_model.pt
Epoch 28/100
Train Loss: 1.3589, Val Loss: 1.3455
Train Acc: 0.5038, Val Acc: 0.5113
Time per sample: 0.000331 seconds
Best model saved to ./results/HumanActivityRecognition/lstm/params_c7f7c9bcf7/best_model.pt
Epoch 29/100
Train Loss: 1.3549, Val Loss: 1.3416
Train Acc: 0.5038, Val Acc: 0.5113
Time per sample: 0.000331 seconds
Best model saved to ./results/HumanActivityRecognition/lstm/params_c7f7c9bcf7/best_model.pt
Epoch 30/100
Train Loss: 1.3506, Val Loss: 1.3375
Train Acc: 0.5038, Val Acc: 0.5113
Time per sample: 0.000332 seconds
Best model saved to ./results/HumanActivityRecognition/lstm/params_c7f7c9bcf7/best_model.pt
Epoch 31/100
Train Loss: 1.3453, Val Loss: 1.3331
Train Acc: 0.5039, Val Acc: 0.5113
Time per sample: 0.000331 seconds
Best model saved to ./results/HumanActivityRecognition/lstm/params_c7f7c9bcf7/best_model.pt
Epoch 32/100
Train Loss: 1.3400, Val Loss: 1.3282
Train Acc: 0.5039, Val Acc: 0.5113
Time per sample: 0.000332 seconds
Best model saved to ./results/HumanActivityRecognition/lstm/params_c7f7c9bcf7/best_model.pt
Epoch 33/100
Train Loss: 1.3329, Val Loss: 1.3230
Train Acc: 0.5038, Val Acc: 0.5113
Time per sample: 0.000331 seconds
Best model saved to ./results/HumanActivityRecognition/lstm/params_c7f7c9bcf7/best_model.pt
Epoch 34/100
Train Loss: 1.3258, Val Loss: 1.3177
Train Acc: 0.5039, Val Acc: 0.5113
Time per sample: 0.000331 seconds
Best model saved to ./results/HumanActivityRecognition/lstm/params_c7f7c9bcf7/best_model.pt
Epoch 35/100
Train Loss: 1.3192, Val Loss: 1.3122
Train Acc: 0.5041, Val Acc: 0.5113
Time per sample: 0.000331 seconds
Best model saved to ./results/HumanActivityRecognition/lstm/params_c7f7c9bcf7/best_model.pt
Epoch 36/100
Train Loss: 1.3119, Val Loss: 1.3067
Train Acc: 0.5044, Val Acc: 0.5116
Time per sample: 0.000329 seconds
Best model saved to ./results/HumanActivityRecognition/lstm/params_c7f7c9bcf7/best_model.pt
Epoch 37/100
Train Loss: 1.3038, Val Loss: 1.2994
Train Acc: 0.5049, Val Acc: 0.5134
Time per sample: 0.000332 seconds
Best model saved to ./results/HumanActivityRecognition/lstm/params_c7f7c9bcf7/best_model.pt
Epoch 38/100
Train Loss: 1.2942, Val Loss: 1.2928
Train Acc: 0.5063, Val Acc: 0.5137
Time per sample: 0.000328 seconds
Best model saved to ./results/HumanActivityRecognition/lstm/params_c7f7c9bcf7/best_model.pt
Epoch 39/100
Train Loss: 1.2847, Val Loss: 1.2892
Train Acc: 0.5073, Val Acc: 0.5143
Time per sample: 0.000329 seconds
Best model saved to ./results/HumanActivityRecognition/lstm/params_c7f7c9bcf7/best_model.pt
Epoch 40/100
Train Loss: 1.2780, Val Loss: 1.2784
Train Acc: 0.5098, Val Acc: 0.5149
Time per sample: 0.000330 seconds
Best model saved to ./results/HumanActivityRecognition/lstm/params_c7f7c9bcf7/best_model.pt
Epoch 41/100
Train Loss: 1.2679, Val Loss: 1.2775
Train Acc: 0.5101, Val Acc: 0.5152
Time per sample: 0.000331 seconds
Best model saved to ./results/HumanActivityRecognition/lstm/params_c7f7c9bcf7/best_model.pt
Epoch 42/100
Train Loss: 1.2602, Val Loss: 1.2669
Train Acc: 0.5123, Val Acc: 0.5181
Time per sample: 0.000327 seconds
Best model saved to ./results/HumanActivityRecognition/lstm/params_c7f7c9bcf7/best_model.pt
Epoch 43/100
Train Loss: 1.2522, Val Loss: 1.2604
Train Acc: 0.5150, Val Acc: 0.5184
Time per sample: 0.000320 seconds
Best model saved to ./results/HumanActivityRecognition/lstm/params_c7f7c9bcf7/best_model.pt
Epoch 44/100
Train Loss: 1.2433, Val Loss: 1.2661
Train Acc: 0.5173, Val Acc: 0.5187
Time per sample: 0.000326 seconds
Epoch 45/100
Train Loss: 1.2370, Val Loss: 1.2531
Train Acc: 0.5183, Val Acc: 0.5190
Time per sample: 0.000327 seconds
Best model saved to ./results/HumanActivityRecognition/lstm/params_c7f7c9bcf7/best_model.pt
Epoch 46/100
Train Loss: 1.2274, Val Loss: 1.2561
Train Acc: 0.5212, Val Acc: 0.5208
Time per sample: 0.000327 seconds
Epoch 47/100
Train Loss: 1.2212, Val Loss: 1.2626
Train Acc: 0.5216, Val Acc: 0.5208
Time per sample: 0.000320 seconds
Epoch 48/100
Train Loss: 1.2139, Val Loss: 1.2569
Train Acc: 0.5219, Val Acc: 0.5193
Time per sample: 0.000328 seconds
Epoch 49/100
Train Loss: 1.2088, Val Loss: 1.2275
Train Acc: 0.5252, Val Acc: 0.5205
Time per sample: 0.000328 seconds
Best model saved to ./results/HumanActivityRecognition/lstm/params_c7f7c9bcf7/best_model.pt
Epoch 50/100
Train Loss: 1.2010, Val Loss: 1.2241
Train Acc: 0.5277, Val Acc: 0.5231
Time per sample: 0.000327 seconds
Best model saved to ./results/HumanActivityRecognition/lstm/params_c7f7c9bcf7/best_model.pt
Epoch 51/100
Train Loss: 1.1980, Val Loss: 1.2188
Train Acc: 0.5296, Val Acc: 0.5246
Time per sample: 0.000327 seconds
Best model saved to ./results/HumanActivityRecognition/lstm/params_c7f7c9bcf7/best_model.pt
Epoch 52/100
Train Loss: 1.1897, Val Loss: 1.2125
Train Acc: 0.5335, Val Acc: 0.5261
Time per sample: 0.000327 seconds
Best model saved to ./results/HumanActivityRecognition/lstm/params_c7f7c9bcf7/best_model.pt
Epoch 53/100
Train Loss: 1.1852, Val Loss: 1.2264
Train Acc: 0.5331, Val Acc: 0.5279
Time per sample: 0.000328 seconds
Epoch 54/100
Train Loss: 1.1824, Val Loss: 1.2194
Train Acc: 0.5367, Val Acc: 0.5281
Time per sample: 0.000331 seconds
Epoch 55/100
Train Loss: 1.1729, Val Loss: 1.2025
Train Acc: 0.5388, Val Acc: 0.5320
Time per sample: 0.000329 seconds
Best model saved to ./results/HumanActivityRecognition/lstm/params_c7f7c9bcf7/best_model.pt
Epoch 56/100
Train Loss: 1.1698, Val Loss: 1.2867
Train Acc: 0.5419, Val Acc: 0.5264
Time per sample: 0.000330 seconds
Epoch 57/100
Train Loss: 1.1640, Val Loss: 1.1971
Train Acc: 0.5446, Val Acc: 0.5385
Time per sample: 0.000329 seconds
Best model saved to ./results/HumanActivityRecognition/lstm/params_c7f7c9bcf7/best_model.pt
Epoch 58/100
Train Loss: 1.1593, Val Loss: 1.1900
Train Acc: 0.5477, Val Acc: 0.5364
Time per sample: 0.000331 seconds
Best model saved to ./results/HumanActivityRecognition/lstm/params_c7f7c9bcf7/best_model.pt
Epoch 59/100
Train Loss: 1.1505, Val Loss: 1.1975
Train Acc: 0.5552, Val Acc: 0.5402
Time per sample: 0.000329 seconds
Epoch 60/100
Train Loss: 1.1496, Val Loss: 1.1893
Train Acc: 0.5544, Val Acc: 0.5488
Time per sample: 0.000331 seconds
Best model saved to ./results/HumanActivityRecognition/lstm/params_c7f7c9bcf7/best_model.pt
Epoch 61/100
Train Loss: 1.1396, Val Loss: 1.1807
Train Acc: 0.5609, Val Acc: 0.5561
Time per sample: 0.000331 seconds
Best model saved to ./results/HumanActivityRecognition/lstm/params_c7f7c9bcf7/best_model.pt
Epoch 62/100
Train Loss: 1.1320, Val Loss: 1.2380
Train Acc: 0.5621, Val Acc: 0.5426
Time per sample: 0.000329 seconds
Epoch 63/100
Train Loss: 1.1267, Val Loss: 1.1941
Train Acc: 0.5650, Val Acc: 0.5511
Time per sample: 0.000329 seconds
Epoch 64/100
Train Loss: 1.1240, Val Loss: 1.1952
Train Acc: 0.5681, Val Acc: 0.5538
Time per sample: 0.000324 seconds
Epoch 65/100
Train Loss: 1.1143, Val Loss: 1.2132
Train Acc: 0.5703, Val Acc: 0.5517
Time per sample: 0.000323 seconds
Epoch 66/100
Train Loss: 1.1077, Val Loss: 1.1596
Train Acc: 0.5736, Val Acc: 0.5715
Time per sample: 0.000320 seconds
Best model saved to ./results/HumanActivityRecognition/lstm/params_c7f7c9bcf7/best_model.pt
Epoch 67/100
Train Loss: 1.1056, Val Loss: 1.1918
Train Acc: 0.5754, Val Acc: 0.5550
Time per sample: 0.000328 seconds
Epoch 68/100
Train Loss: 1.0937, Val Loss: 1.1927
Train Acc: 0.5774, Val Acc: 0.5508
Time per sample: 0.000328 seconds
Epoch 69/100
Train Loss: 1.0903, Val Loss: 1.1464
Train Acc: 0.5817, Val Acc: 0.5759
Time per sample: 0.000330 seconds
Best model saved to ./results/HumanActivityRecognition/lstm/params_c7f7c9bcf7/best_model.pt
Epoch 70/100
Train Loss: 1.0872, Val Loss: 1.1481
Train Acc: 0.5826, Val Acc: 0.5679
Time per sample: 0.000329 seconds
Epoch 71/100
Train Loss: 1.0827, Val Loss: 1.1529
Train Acc: 0.5840, Val Acc: 0.5688
Time per sample: 0.000330 seconds
Epoch 72/100
Train Loss: 1.0752, Val Loss: 1.1788
Train Acc: 0.5818, Val Acc: 0.5670
Time per sample: 0.000329 seconds
Epoch 73/100
Train Loss: 1.0715, Val Loss: 1.1418
Train Acc: 0.5881, Val Acc: 0.5836
Time per sample: 0.000324 seconds
Best model saved to ./results/HumanActivityRecognition/lstm/params_c7f7c9bcf7/best_model.pt
Epoch 74/100
Train Loss: 1.0588, Val Loss: 1.1719
Train Acc: 0.5926, Val Acc: 0.5556
Time per sample: 0.000323 seconds
Epoch 75/100
Train Loss: 1.0580, Val Loss: 1.1614
Train Acc: 0.5919, Val Acc: 0.5726
Time per sample: 0.000321 seconds
Epoch 76/100
Train Loss: 1.0522, Val Loss: 1.1562
Train Acc: 0.5948, Val Acc: 0.5670
Time per sample: 0.000324 seconds
Epoch 77/100
Train Loss: 1.0519, Val Loss: 1.0988
Train Acc: 0.5960, Val Acc: 0.5903
Time per sample: 0.000331 seconds
Best model saved to ./results/HumanActivityRecognition/lstm/params_c7f7c9bcf7/best_model.pt
Epoch 78/100
Train Loss: 1.0398, Val Loss: 1.1047
Train Acc: 0.5993, Val Acc: 0.5877
Time per sample: 0.000329 seconds
Epoch 79/100
Train Loss: 1.0415, Val Loss: 1.0989
Train Acc: 0.5976, Val Acc: 0.5894
Time per sample: 0.000326 seconds
Epoch 80/100
Train Loss: 1.0426, Val Loss: 1.1119
Train Acc: 0.5974, Val Acc: 0.5877
Time per sample: 0.000322 seconds
Epoch 81/100
Train Loss: 1.0248, Val Loss: 1.1967
Train Acc: 0.6020, Val Acc: 0.5432
Time per sample: 0.000325 seconds
Epoch 82/100
Train Loss: 1.0225, Val Loss: 1.1095
Train Acc: 0.6053, Val Acc: 0.5877
Time per sample: 0.000329 seconds
Epoch 83/100
Train Loss: 1.0126, Val Loss: 1.1309
Train Acc: 0.6065, Val Acc: 0.5821
Time per sample: 0.000328 seconds
Epoch 84/100
Train Loss: 1.0122, Val Loss: 1.0986
Train Acc: 0.6083, Val Acc: 0.5918
Time per sample: 0.000324 seconds
Best model saved to ./results/HumanActivityRecognition/lstm/params_c7f7c9bcf7/best_model.pt
Epoch 85/100
Train Loss: 1.0150, Val Loss: 1.1049
Train Acc: 0.6051, Val Acc: 0.5900
Time per sample: 0.000324 seconds
Epoch 86/100
Train Loss: 0.9962, Val Loss: 1.1362
Train Acc: 0.6142, Val Acc: 0.5812
Time per sample: 0.000321 seconds
Epoch 87/100
Train Loss: 0.9871, Val Loss: 1.2029
Train Acc: 0.6177, Val Acc: 0.5579
Time per sample: 0.000321 seconds
Epoch 88/100
Train Loss: 0.9813, Val Loss: 1.1041
Train Acc: 0.6186, Val Acc: 0.5732
Time per sample: 0.000323 seconds
Epoch 89/100
Train Loss: 0.9823, Val Loss: 1.2343
Train Acc: 0.6172, Val Acc: 0.5615
Time per sample: 0.000320 seconds
Epoch 90/100
Train Loss: 0.9729, Val Loss: 1.1389
Train Acc: 0.6227, Val Acc: 0.5859
Time per sample: 0.000319 seconds
Epoch 91/100
Train Loss: 0.9789, Val Loss: 1.0685
Train Acc: 0.6183, Val Acc: 0.5936
Time per sample: 0.000321 seconds
Best model saved to ./results/HumanActivityRecognition/lstm/params_c7f7c9bcf7/best_model.pt
Epoch 92/100
Train Loss: 0.9631, Val Loss: 1.1311
Train Acc: 0.6240, Val Acc: 0.5662
Time per sample: 0.000320 seconds
Epoch 93/100
Train Loss: 0.9654, Val Loss: 1.1196
Train Acc: 0.6219, Val Acc: 0.5800
Time per sample: 0.000320 seconds
Epoch 94/100
Train Loss: 0.9482, Val Loss: 1.0581
Train Acc: 0.6308, Val Acc: 0.6039
Time per sample: 0.000320 seconds
Best model saved to ./results/HumanActivityRecognition/lstm/params_c7f7c9bcf7/best_model.pt
Epoch 95/100
Train Loss: 0.9469, Val Loss: 1.0676
Train Acc: 0.6281, Val Acc: 0.5989
Time per sample: 0.000320 seconds
Epoch 96/100
Train Loss: 0.9418, Val Loss: 1.0842
Train Acc: 0.6305, Val Acc: 0.5989
Time per sample: 0.000320 seconds
Epoch 97/100
Train Loss: 0.9289, Val Loss: 1.0312
Train Acc: 0.6330, Val Acc: 0.6118
Time per sample: 0.000334 seconds
Best model saved to ./results/HumanActivityRecognition/lstm/params_c7f7c9bcf7/best_model.pt
Epoch 98/100
Train Loss: 0.9449, Val Loss: 1.0698
Train Acc: 0.6299, Val Acc: 0.5924
Time per sample: 0.000319 seconds
Epoch 99/100
Train Loss: 0.9221, Val Loss: 1.0567
Train Acc: 0.6354, Val Acc: 0.6004
Time per sample: 0.000319 seconds
Epoch 100/100
Train Loss: 0.9181, Val Loss: 1.1302
Train Acc: 0.6392, Val Acc: 0.5827
Time per sample: 0.000319 seconds

Evaluating on test splits:
Evaluating on test_cross_device split:
Predictions shape: (4958,), unique values: [1 2 3 4]
Targets shape: (4958,), unique values: [0 1 2 3 4]
Classification report saved to ./results/HumanActivityRecognition/lstm/params_c7f7c9bcf7/classification_report_unknown.csv
test_cross_device accuracy: 0.4768, F1-score: 0.3483
Generating confusion matrix for test_cross_device split...
Evaluating on test_cross_env split:
Predictions shape: (5660,), unique values: [0 1 2 3 4]
Targets shape: (5660,), unique values: [0 1 2 3 4]
Classification report saved to ./results/HumanActivityRecognition/lstm/params_c7f7c9bcf7/classification_report_unknown.csv
test_cross_env accuracy: 0.4537, F1-score: 0.3703
Generating confusion matrix for test_cross_env split...
Evaluating on test_cross_user split:
Predictions shape: (5967,), unique values: [0 1 2 3 4]
Targets shape: (5967,), unique values: [0 1 2 3 4]
Classification report saved to ./results/HumanActivityRecognition/lstm/params_c7f7c9bcf7/classification_report_unknown.csv
test_cross_user accuracy: 0.5457, F1-score: 0.4174
Generating confusion matrix for test_cross_user split...
Evaluating on test split:
Predictions shape: (3400,), unique values: [0 1 2 3 4]
Targets shape: (3400,), unique values: [0 1 2 3 4]
Classification report saved to ./results/HumanActivityRecognition/lstm/params_c7f7c9bcf7/classification_report_unknown.csv
test accuracy: 0.5932, F1-score: 0.5087
Generating confusion matrix for test split...
***********************FEW_SHOTFalse

Test Results Summary:
Split                     Accuracy        F1-Score       
-------------------------------------------------------
test_cross_device         0.4768          0.3483         
test_cross_env            0.4537          0.3703         
test_cross_user           0.5457          0.4174         
test                      0.5932          0.5087         

Training and evaluation completed.
Best model from epoch 97, saved to ./results/HumanActivityRecognition/lstm/params_c7f7c9bcf7
Results saved to ./results/HumanActivityRecognition/lstm/params_c7f7c9bcf7
New best model! Validation accuracy: 0.6118 (previous best: 0.0000)
Supervised learning completed successfully.
Configuration saved to model directory: ./results/HumanActivityRecognition/lstm/params_c7f7c9bcf7/supervised_config.json

Model lstm training successful
Running time: 99.76 minutes

============================================================
All model training completed
============================================================
Results summary:
  - resnet18: SUCCESS, Running time: 74.67 minutes
  - vit: SUCCESS, Running time: 83.43 minutes
  - mlp: SUCCESS, Running time: 81.42 minutes
  - lstm: SUCCESS, Running time: 99.76 minutes

Successful: 4/4, Failed: 0/4
